"numrex","codereference","codepublic","codemonnaie","codetauxmonnaie","gainfinancierrex","gainfinancierperioderex","energierex","codeuniteenergie","codeperiodeenergie","codeenergierex","gesrex","ratiogainrex","trirex","capexrex","capexperioderex","opexrex","codeTechno1","codeTechno2","codeTechno3","codetravaux","codereseau","codelicense","availablelangue"
1,1,1,1,1,NULL,1,NULL,1,1,1,NULL,NULL,NULL,NULL,1,NULL,1,1,1,1,1,3,3,4
109,800,3,4,4,500000,1,NULL,1,1,1,NULL,NULL,NULL,NULL,1,NULL,14,33,1,3,3,3,2,3,4
114,809,3,4,4,31743,3,307,12,3,1,455.0,NULL,4.2,365500,2,NULL,14,1,1,1,1,3,2,3,4
153,1156,3,2,2,98400,3,3204,12,3,1,205.8,NULL,4.0,400000,2,NULL,25,9,1,1,1,3,2,3,4
781,1867,3,5,5,NULL,1,4668,2,3,1,288.0,NULL,NULL,157121,2,NULL,25,21,1,1,1,3,2,3,4
1644,2358,3,5,5,NULL,1,1197,2,3,1,1197.0,NULL,NULL,106691,2,NULL,9,1,1,1,1,3,2,3,4
1645,2359,3,5,5,NULL,1,8128,2,3,1,601.0,NULL,NULL,351050,2,NULL,25,21,1,1,1,3,2,3,4
1515,2229,3,5,5,NULL,1,961,2,3,1,67.0,NULL,NULL,251040,2,NULL,24,1,1,1,1,3,2,3,4
1633,2347,3,5,5,NULL,1,33,2,3,1,28.0,NULL,NULL,120358,2,NULL,38,1,1,1,1,3,2,3,4
1268,2039,3,3,3,NULL,1,NULL,1,1,1,NULL,NULL,NULL,NULL,1,NULL,7,17,16,1,1,3,2,3,4
1449,2167,2,3,3,NULL,3,NULL,1,1,1,NULL,0.43,NULL,NULL,2,NULL,9,7,8,2,3,3,2,3,4
1435,2153,3,3,3,2395,3,27900,5,3,2,NULL,0.5,1.3,3000,2,NULL,18,1,1,3,1,3,2,3,4
1898,2616,3,3,3,615900,3,NULL,1,3,1,NULL,NULL,NULL,181000000,2,NULL,33,1,1,3,3,3,2,3,4
1913,2631,1,3,3,640000,3,NULL,1,3,1,NULL,NULL,4.2,2700000,2,NULL,33,1,1,3,4,3,2,3,4
655,1743,3,12,12,402129,1,453477,7,3,4,NULL,NULL,NULL,NULL,1,NULL,11,8,19,1,1,3,2,3,4
1761,2479,3,3,3,11225,3,225,12,3,2,NULL,NULL,4.0,44966,2,NULL,16,1,1,3,1,3,2,3,4
1842,2560,3,3,3,903000,3,NULL,1,3,1,NULL,NULL,3.3,3000000,2,NULL,33,1,1,3,3,3,2,3,4
43,1091,3,1,1,NULL,1,NULL,1,1,1,NULL,0.3,NULL,NULL,1,NULL,14,1,1,1,1,3,2,3,4
1612,2326,3,5,5,NULL,1,NULL,1,1,1,891.0,NULL,NULL,851927,2,NULL,14,24,1,3,1,3,2,3,4
182,1092,3,1,1,NULL,1,NULL,1,1,1,NULL,NULL,NULL,NULL,1,NULL,14,1,1,3,1,3,2,3,4
1611,2325,3,5,5,NULL,1,NULL,1,1,1,1057.0,NULL,NULL,1834242,2,NULL,14,1,1,1,1,3,2,3,4
118,837,3,1,1,NULL,1,NULL,1,1,1,NULL,NULL,NULL,NULL,1,NULL,14,1,1,1,1,3,2,3,4
180,1053,3,3,3,181500,3,1540700,5,3,1,NULL,NULL,1.3,235000,2,NULL,7,14,1,3,1,3,2,3,4
563,1516,3,2,2,24000,1,260,12,3,2,NULL,0.33,NULL,NULL,1,NULL,14,1,1,3,1,3,2,3,4
1457,2175,1,3,3,77700,3,1204,12,3,2,NULL,NULL,NULL,NULL,2,NULL,14,29,9,1,1,3,2,3,4
524,1477,3,7,7,520000,3,115,12,3,2,NULL,NULL,0.05,10000,2,NULL,14,1,1,3,1,3,2,3,4
825,1911,3,3,3,2043000,3,37515,12,3,1,NULL,NULL,3.11,6368000,2,NULL,12,17,11,1,1,3,2,3,4
1245,2022,3,3,3,159413,3,2207012,5,3,1,826.0,NULL,5.3,848960,2,NULL,14,11,12,3,3,3,2,3,4
96,825,3,4,4,44160,3,NULL,1,1,1,840.0,0.06,6.0,265000,1,NULL,14,1,1,1,1,3,2,3,4
1552,2266,3,3,3,1578,3,NULL,1,1,1,NULL,NULL,6.4,19926,2,NULL,14,1,1,3,1,3,2,3,4
605,1693,3,3,3,1000000,3,NULL,1,1,2,NULL,0.25,86.0,86000000,2,NULL,6,7,1,2,1,3,2,3,4
178,1051,3,3,3,343000,3,3109200,5,3,2,NULL,NULL,1.2,429500,2,NULL,6,14,1,3,1,3,2,3,4
2055,2770,3,2,2,123,3,NULL,1,1,1,NULL,0.15,NULL,4500000,2,NULL,3,41,19,1,3,3,2,3,4
2124,4782,1,2,2,0,1,310000,5,3,1,0.0,0.0,3.5,60000,2,0,14,53,1,3,1,3,2
1796,2514,1,2,2,17142,3,310,12,3,2,NULL,NULL,3.5,60000,2,NULL,14,1,1,3,1,3,2,3,4
1278,2048,3,3,3,143837,3,2021857,5,3,2,768.0,NULL,NULL,NULL,1,NULL,14,24,11,3,3,3,2,3,4
138,759,3,3,3,1579884,3,NULL,1,1,1,29362.0,NULL,0.23,358934,2,NULL,13,21,1,3,1,3,2,3,4
443,1097,3,9,9,93753,3,225621,5,3,1,NULL,0.37,2.5,232775,2,NULL,14,8,1,3,1,3,2,3,4
1487,2201,3,6,6,26400,3,NULL,1,1,1,121.0,NULL,NULL,72000,2,NULL,14,1,1,1,1,3,2,3,4
190,1112,3,4,4,40981,3,455350,5,3,2,195.0,NULL,0.21,8800,2,NULL,7,8,1,1,1,3,2,3,4
104,677,3,3,3,612164,3,NULL,1,1,1,10242.0,NULL,0.18,116667,2,NULL,17,15,14,1,1,3,2,3,4
2072,2781,3,6,6,NULL,3,NULL,1,3,1,NULL,0.08,NULL,NULL,2,NULL,3,1,1,3,1,3,2,3,4
594,1616,3,7,7,68000,3,15000,5,3,1,NULL,NULL,0.0,NULL,1,NULL,14,1,1,3,1,3,2,3,4
551,1504,3,1,1,NULL,1,NULL,1,1,1,NULL,NULL,NULL,NULL,1,NULL,19,21,1,1,1,3,2,3,4
1797,2515,1,2,2,NULL,3,NULL,1,3,1,NULL,NULL,NULL,9059,2,NULL,12,1,1,2,1,3,2,3,4
820,1906,3,3,3,1400000,3,69164,12,3,4,NULL,NULL,0.6,937200,2,NULL,12,15,11,1,1,3,2,3,4
716,1802,3,3,3,103940,1,2480648,5,3,2,NULL,NULL,NULL,NULL,1,NULL,15,7,1,1,1,3,2,3,4
40,804,3,1,1,NULL,1,422,12,3,1,NULL,NULL,NULL,NULL,1,NULL,11,16,1,1,1,3,2,3,4
836,1922,3,3,3,1000000,3,64164,12,3,1,NULL,NULL,2.0,2046000,2,NULL,33,11,24,3,3,3,2,3,4
2070,2779,3,6,6,NULL,3,10,34,1,6,NULL,0.165,NULL,51000000,2,NULL,3,1,1,1,1,3,2,3,4
347,870,3,9,9,880000,3,653,14,3,1,NULL,NULL,2.0,1600000,2,NULL,11,1,1,3,1,3,2,3,4
360,859,3,2,2,185000,3,2700,12,3,2,229.0,0.05,4.0,740000,2,NULL,11,1,1,3,1,3,2,3,4
471,1396,2,6,6,4000,3,330,12,3,1,16.0,NULL,2.5,10000,2,NULL,17,1,1,3,1,3,2,3,4
1565,2279,3,3,3,100176,3,5516,11,3,1,874.0,0.09,2.5,88119,2,NULL,7,12,8,1,1,3,2,3,4
844,1930,3,3,3,329991,3,4000,12,3,2,NULL,0.2,5.9,1959642,1,NULL,14,3,8,1,1,3,2,3,4
658,1746,3,12,12,1911000,1,24522,2,3,1,516.0,NULL,NULL,NULL,1,NULL,11,17,24,3,1,3,2,3,4
185,1094,3,1,1,NULL,1,NULL,1,1,1,NULL,NULL,NULL,NULL,1,NULL,8,9,14,3,1,3,2,3,4
1561,2275,2,3,3,111760,3,NULL,1,1,1,650.0,NULL,10.5,1123672,2,NULL,8,3,1,3,1,3,2,3,4
1778,2496,1,2,2,26450,3,NULL,1,3,4,NULL,NULL,3.4,90600,2,NULL,3,1,1,3,1,3,2,3,4
1801,2519,1,2,2,14000,3,265,12,3,3,NULL,0.116,9.6,135000,2,NULL,7,1,1,3,1,3,2,3,4
1284,2060,2,3,3,1200000,1,NULL,1,1,1,NULL,0.1,NULL,126550,2,NULL,9,29,1,1,1,3,2,3,4
1556,2270,2,3,3,53324,3,NULL,1,1,1,300.0,NULL,13.0,743876,2,NULL,7,8,29,3,1,3,2,3,4
1771,2489,2,2,2,NULL,3,62500,9,3,3,NULL,0.49,NULL,249320,2,NULL,7,9,1,3,1,3,2,3,4
1789,2507,3,2,2,NULL,3,NULL,1,3,1,NULL,NULL,NULL,3700000,2,NULL,7,8,1,2,1,3,2,3,4
1795,2513,3,2,2,NULL,3,NULL,1,3,1,NULL,NULL,NULL,17830800,2,NULL,9,7,1,2,1,3,2,3,4
1750,2468,3,3,3,17743157,3,NULL,1,3,1,NULL,NULL,0.9,16000000,2,NULL,21,3,17,3,1,3,2,3,4
1884,2602,3,3,3,823000,3,170000,11,3,1,NULL,NULL,1.9,1600000,2,NULL,18,7,14,3,1,3,2,3,4
1620,2334,3,5,5,NULL,1,556047,2,3,1,15.0,NULL,NULL,288880,2,NULL,7,1,1,2,1,3,2,3,4
609,1697,1,3,3,929000,1,NULL,1,3,1,NULL,NULL,NULL,500000,1,NULL,3,7,29,3,1,3,2,3,4
848,1934,1,3,3,304247,3,10931,11,3,1,NULL,0.4,7.8,2366270,2,NULL,8,45,7,1,2,3,2,3,4
1440,2158,2,3,3,59000,3,NULL,1,3,1,NULL,NULL,3.2,192500,2,NULL,7,8,1,2,1,3,2,3,4
1445,2163,1,3,3,NULL,3,NULL,1,1,1,NULL,0.5,NULL,118000000,2,NULL,9,7,1,1,1,3,2,3,4
1282,2058,2,3,3,NULL,1,388000,12,3,1,NULL,0.26,NULL,27400000,2,NULL,7,9,1,3,1,3,2,3,4
342,913,3,2,2,NULL,1,535,12,3,1,560.0,NULL,NULL,672000,2,NULL,14,24,1,3,3,3,2,3,4
85,676,3,3,3,3500000,3,497000,11,3,1,NULL,NULL,0.9,3210000,2,NULL,17,19,12,3,3,3,2,3,4
815,1901,1,3,3,4923431,3,134479,11,3,1,NULL,NULL,5.0,24616413,2,NULL,33,7,45,1,2,3,2,3,4
854,1940,3,3,3,1500000,3,33703,12,3,4,NULL,NULL,1.9,2893500,2,NULL,19,17,1,3,1,3,2,3,4
843,1929,2,3,3,777359,3,46428,11,3,1,NULL,NULL,NULL,921372,2,NULL,17,3,9,1,1,3,2,3,4
132,752,3,3,3,108129,1,NULL,1,1,1,1749.0,NULL,NULL,44599,2,NULL,21,19,1,3,1,3,2,3,4
1576,2290,3,3,3,25936000,3,NULL,1,1,1,NULL,NULL,0.4,9930000,2,NULL,17,19,21,1,1,3,2,3,4
89,1182,3,3,3,3300,1,5940,5,3,1,NULL,NULL,NULL,13756,2,NULL,15,1,1,1,1,3,2,3,4
690,1776,2,5,5,80000,3,NULL,1,3,1,NULL,0.05,8.3,670000,2,NULL,16,15,13,3,1,3,2,3,4
133,753,3,3,3,117483,3,NULL,1,1,1,NULL,NULL,0.5,59270,2,NULL,21,1,1,3,1,3,2,3,4
1885,2603,3,3,3,5231,3,87184,5,2,2,91.3,0.15,3.3,15693,2,NULL,16,15,1,3,3,3,2,3,4
839,1925,3,3,3,12756000,3,243796,12,3,1,28576.0,NULL,2.0,27155339,2,NULL,19,24,15,1,1,3,2,3,4
49,728,3,3,3,105657,3,NULL,1,1,1,NULL,NULL,1.5,42500,2,NULL,12,16,1,1,1,3,2,3,4
1301,2077,3,3,3,252000,3,NULL,1,1,1,NULL,NULL,1.3,328000,2,NULL,16,18,11,3,1,3,2,3,4
545,1498,3,7,7,8730000,3,NULL,1,1,1,NULL,NULL,0.63,5500000,2,NULL,19,1,1,3,1,3,2,3,4
526,1479,3,7,7,200000,3,NULL,1,1,1,NULL,NULL,0.25,1013000,2,NULL,16,1,1,3,1,3,2,3,4
542,1495,3,7,7,881400000,1,NULL,1,1,1,NULL,NULL,NULL,NULL,1,NULL,39,33,21,3,3,3,2,3,4
763,1849,3,4,4,NULL,1,NULL,1,1,1,3981.0,0.1,2.2,NULL,1,NULL,17,11,12,1,1,3,2,3,4
752,1838,3,7,7,770000,3,241920,5,3,2,NULL,NULL,0.01,10000,2,NULL,16,1,1,3,1,3,2,3,4
575,1597,3,7,7,853000,3,286000,5,3,1,NULL,NULL,0.24,225000,2,NULL,16,1,1,3,1,3,2,3,4
538,1491,3,7,7,2500000,3,500,12,3,2,NULL,NULL,0.047,117000,2,NULL,14,11,30,3,1,3,2,3,4
577,1599,3,7,7,2590000,1,NULL,1,1,1,NULL,NULL,NULL,NULL,2,NULL,16,1,1,1,1,3,2,3,4
735,1821,3,7,7,3540000,3,NULL,1,3,1,NULL,NULL,0.2,3000000,2,NULL,16,14,1,3,1,3,2,3,4
1895,2613,3,3,3,1200000,3,220000,11,3,1,NULL,NULL,0.91,1100000,2,NULL,16,1,1,3,1,3,2,3,4
1270,2041,3,3,3,NULL,1,33279,5,3,1,NULL,0.21,NULL,NULL,1,NULL,9,7,8,3,3,3,2,3,4
129,734,3,3,3,1461454,3,35149,12,3,1,31271.0,NULL,NULL,23256,2,NULL,19,1,1,1,1,3,2,3,4
52,733,3,14,14,46,3,289,5,3,2,NULL,NULL,0.53,30,2,NULL,16,11,12,3,1,3,2,3,4
1881,2599,3,3,3,813000,3,10838,12,3,2,NULL,NULL,0.3,260000,2,NULL,15,8,24,3,3,3,2,3,4
2020,2738,3,15,15,NULL,1,5892862,5,3,1,NULL,NULL,NULL,15514590,2,NULL,12,16,1,3,1,3,2,3,4
617,1705,3,3,3,71930,1,1354,12,3,1,NULL,NULL,NULL,NULL,1,NULL,16,18,1,3,1,3,2,3,4
1823,2541,3,3,3,175500,3,5250,12,3,4,NULL,NULL,NULL,29250,2,NULL,15,16,1,3,3,3,2,3,4
768,1854,3,5,5,NULL,1,52453,2,3,1,3180.0,NULL,NULL,1379447,2,NULL,30,18,1,3,1,3,2,3,4
1692,2406,3,5,5,NULL,1,2981,2,3,1,210.0,NULL,NULL,568490,2,NULL,18,19,1,3,1,3,2,3,4
802,1888,3,5,5,NULL,1,1188,2,3,8,62.0,NULL,NULL,127000,2,NULL,18,1,1,1,1,3,2,3,4
1304,2080,2,3,3,60000,1,NULL,1,1,1,NULL,NULL,NULL,NULL,1,NULL,3,18,49,3,1,3,2,3,4
134,754,3,3,3,15783,3,NULL,1,1,1,61.0,NULL,0.63,9877,2,NULL,21,15,1,3,1,3,2,3,4
1764,2482,3,3,3,85260,3,2436000,5,3,2,2463.0,NULL,0.5,44000,2,NULL,18,1,1,3,1,3,2,3,4
751,1837,3,7,7,9200000,1,3400000,5,3,2,NULL,NULL,NULL,NULL,1,NULL,18,1,1,1,1,3,2,3,4
1422,2140,2,4,4,77000,3,1591,2,3,2,466.0,NULL,4.1,317368,2,NULL,8,13,7,3,1,3,2,3,4
127,731,3,3,3,1545000,3,3500,12,3,2,2711.0,NULL,0.8,1170000,2,NULL,24,30,1,3,1,3,2,3,4
590,1612,3,7,7,64000,3,20,12,3,2,NULL,0.075,0.58,35000,2,NULL,18,1,1,3,1,3,2,3,4
1244,2021,3,3,3,253680,3,3725224,5,3,2,NULL,NULL,NULL,NULL,1,NULL,18,14,16,3,1,3,2,3,4
770,1856,3,5,5,NULL,1,976,2,3,1,59.0,NULL,NULL,357595,2,NULL,19,1,1,1,1,3,2,3,4
1516,2230,3,5,5,NULL,1,1420,2,3,1,85.0,NULL,NULL,377935,2,NULL,19,1,1,1,1,3,2,3,4
1541,2255,3,5,5,NULL,1,424,2,3,1,25.0,NULL,NULL,150332,2,NULL,19,1,1,1,1,3,2,3,4
1693,2407,3,5,5,NULL,1,11305,2,3,1,836.0,NULL,NULL,434903,2,NULL,17,7,24,3,1,3,2,3,4
669,1757,3,3,3,117000000,1,NULL,1,2,1,NULL,NULL,NULL,NULL,1,NULL,3,21,1,1,1,3,2,3,4
1234,2014,3,3,3,82400,3,340000,5,3,2,NULL,NULL,2.0,164772,2,NULL,19,18,1,1,1,3,2,3,4
1447,2165,3,3,3,NULL,3,NULL,1,1,1,NULL,NULL,NULL,140235,2,NULL,18,1,1,3,1,3,2,3,4
139,761,3,3,3,25250,3,380,12,3,1,235.0,NULL,1.14,28750,2,NULL,18,13,1,3,1,3,2,3,4
740,1826,3,7,7,12720000,3,NULL,1,3,1,NULL,NULL,0.5,6830000,2,NULL,18,11,19,3,1,3,2,3,4
1744,2462,3,3,3,620100,3,15500,12,3,2,16600.0,NULL,2.0,1225000,2,NULL,18,13,1,3,1,3,2,3,4
160,899,3,3,3,575396,1,NULL,1,1,1,16291.0,NULL,NULL,272998,2,NULL,12,24,17,3,1,3,2,3,4
529,1482,3,7,7,1500000,3,88000,7,3,4,NULL,NULL,1.2,1750000,2,NULL,20,1,1,3,1,3,2,3,4
1531,2245,3,5,5,NULL,1,4755,2,3,1,268.0,NULL,NULL,1039647,2,NULL,24,7,14,3,1,3,2,3,4
2050,2765,3,2,2,NULL,1,10,34,3,6,NULL,0.1,NULL,NULL,1,NULL,11,17,19,3,3,3,2,3,4
741,1827,3,7,7,670000,3,NULL,1,3,2,NULL,NULL,0.5,230000,2,NULL,21,1,1,3,1,3,2,3,4
533,1486,3,3,3,4298000,3,876500,5,3,1,NULL,NULL,0.14,640000,2,NULL,18,14,1,3,1,3,2,3,4
179,1052,3,3,3,262000,3,2295,12,3,2,NULL,NULL,2.7,710000,2,NULL,6,14,1,3,3,3,2,3,4
514,1467,3,9,9,415000,3,4615,12,3,3,NULL,0.42,1.5,600000,2,NULL,19,1,1,1,1,3,2,3,4
1806,2524,3,3,3,3263000,3,999641,12,3,1,NULL,NULL,2.0,6324000,2,NULL,14,18,17,3,1,3,2,3,4
800,1886,3,5,5,NULL,1,304,2,3,1,18.0,NULL,NULL,128245,2,NULL,24,1,1,3,1,3,2,3,4
1274,2044,3,3,3,54858,3,NULL,1,1,1,NULL,NULL,6.0,327440,2,NULL,7,1,1,3,3,3,2,3,4
608,1696,1,3,3,14000,3,NULL,1,1,1,NULL,NULL,8.0,114000,2,NULL,41,9,8,3,3,3,2,3,4
553,1506,3,2,2,39000,1,NULL,1,1,8,NULL,0.19,NULL,NULL,1,NULL,7,1,1,3,1,3,2,3,4
1529,2243,3,5,5,NULL,1,649,2,3,1,39.0,NULL,NULL,39650,2,NULL,24,1,1,1,1,3,2,3,4
1530,2244,3,5,5,NULL,1,339,2,3,1,20.0,NULL,NULL,275230,2,NULL,24,1,1,1,1,3,2,3,4
1688,2402,3,5,5,NULL,1,514,2,3,3,31.0,NULL,NULL,48952,2,NULL,24,25,1,1,1,3,2,3,4
791,1877,3,5,5,NULL,1,1831,2,3,1,184.0,NULL,NULL,466660,2,NULL,12,24,15,3,1,3,2,3,4
1443,2161,3,3,3,NULL,3,270277,5,3,1,NULL,0.62,NULL,6200000,2,NULL,9,8,7,2,1,3,2,3,4
124,724,3,3,3,29300,3,1350,12,3,2,1300.0,NULL,1.3,28000,2,NULL,19,12,1,1,1,3,2,3,4
193,1154,1,1,1,NULL,1,NULL,1,1,1,NULL,NULL,NULL,NULL,1,NULL,9,8,1,1,1,3,2,3,4
366,1115,3,2,2,23650,3,NULL,1,1,1,NULL,NULL,20.0,625440,2,NULL,9,7,45,2,2,3,2,3,4
66,966,3,1,1,NULL,1,NULL,1,1,1,NULL,0.3,NULL,NULL,1,NULL,7,45,1,1,1,3,2,3,4
779,1865,3,5,5,NULL,1,55249,2,3,4,3586.0,NULL,NULL,3833778,2,NULL,25,7,1,3,1,3,2,3,4
1667,2381,3,5,5,NULL,1,1339,2,3,8,80.0,NULL,NULL,780050,2,NULL,9,12,1,3,1,3,2,3,4
1474,2188,3,2,2,NULL,1,17,14,3,3,34.0,NULL,NULL,64000,2,2000,38,9,1,3,1,3,2,3,4
1953,2672,2,2,2,NULL,1,NULL,1,1,1,NULL,0.28,NULL,6650000,2,NULL,9,34,29,1,1,3,2,3,4
1958,2677,2,2,2,NULL,1,NULL,1,1,1,NULL,0.45,NULL,2459500,2,NULL,9,7,28,2,1,3,2,3,4
1966,2685,2,2,2,NULL,1,NULL,1,1,1,NULL,NULL,NULL,21800000,2,NULL,9,3,1,1,1,3,2,3,4
1972,2691,3,2,2,NULL,1,4197,5,3,2,2.6,NULL,NULL,220000,2,NULL,9,7,29,2,2,3,2,3,4
1973,2692,2,2,2,649,3,8553,5,3,1,2.5,0.45,NULL,1367000,2,NULL,9,29,7,1,1,3,2,3,4
1253,2029,3,3,3,6399,3,108167,5,3,2,NULL,NULL,3.5,NULL,1,NULL,14,8,1,3,1,3,2,3,4
1240,2019,2,3,3,22083,3,21039,23,3,3,NULL,0.1,8.4,184799,2,NULL,9,12,1,3,1,3,2,3,4
602,1690,2,3,3,60000,3,NULL,1,1,1,NULL,0.57,2.5,150000,2,NULL,9,7,8,2,3,3,2,3,4
629,1717,3,1,1,NULL,1,NULL,1,1,1,NULL,0.6,5.0,NULL,1,NULL,8,7,9,2,2,3,2,3,4
632,1720,3,1,1,NULL,1,418500,5,3,1,NULL,0.39,NULL,NULL,1,NULL,8,9,7,1,1,3,2,3,4
633,1721,3,1,1,NULL,1,6300,11,1,1,858.0,NULL,5.0,NULL,1,NULL,9,7,8,2,3,3,2,3,4
1199,1984,3,2,2,NULL,1,113476,5,3,1,83.0,NULL,NULL,1770000,2,NULL,41,45,9,2,2,3,2,3,4
1312,2088,2,3,3,10000,3,NULL,1,1,1,NULL,0.35,NULL,NULL,1,NULL,7,9,1,2,3,3,2,3,4
183,1093,3,1,1,NULL,1,NULL,1,1,1,NULL,0.2,NULL,NULL,1,NULL,9,8,14,1,1,3,2,3,4
1441,2159,1,3,3,NULL,3,NULL,1,1,1,NULL,0.23,NULL,4550000,2,NULL,7,8,1,2,1,3,2,3,4
1792,2510,1,2,2,NULL,3,21000,7,3,4,NULL,0.27,NULL,274600,2,NULL,9,1,1,3,1,3,2,3,4
1180,1965,2,2,2,NULL,1,NULL,1,1,1,NULL,NULL,NULL,987000,2,NULL,9,7,1,3,1,3,2,3,4
1283,2059,2,2,2,1430000,3,13000,12,3,1,3400.0,NULL,0.2,227600,2,NULL,9,1,1,1,1,3,2,3,4
1444,2162,1,3,3,NULL,3,NULL,1,1,1,NULL,NULL,NULL,7656000,2,NULL,9,1,1,2,1,3,2,3,4
1798,2516,1,2,2,NULL,3,NULL,1,3,1,NULL,NULL,NULL,165300,2,NULL,9,1,1,3,1,3,2,3,4
1731,2445,3,5,5,NULL,1,1536,2,3,1,97.0,NULL,NULL,197513,2,NULL,19,7,1,3,1,3,2,3,4
1735,2449,3,5,5,NULL,1,311,2,3,1,21.0,NULL,NULL,61958,2,NULL,12,9,1,3,1,3,2,3,4
1736,2450,3,5,5,NULL,1,1909,2,3,1,117.0,NULL,NULL,170027,2,NULL,19,9,1,3,1,3,2,3,4
1739,2453,3,5,5,NULL,1,NULL,1,1,1,NULL,NULL,NULL,2518,2,NULL,7,8,9,1,1,3,2,3,4
1740,2454,3,5,5,NULL,1,2579,2,3,1,186.0,NULL,NULL,156320,2,NULL,9,18,1,3,1,3,2,3,4
599,1687,2,3,3,39000,3,NULL,1,3,1,NULL,0.4,12.8,16700000,2,NULL,7,8,9,2,1,3,2,3,4
1179,1964,2,2,2,NULL,1,NULL,1,1,1,NULL,NULL,NULL,184000,2,NULL,9,7,1,4,1,3,2,3,4
1185,1970,2,2,2,NULL,1,NULL,1,1,1,NULL,NULL,NULL,232689,2,NULL,9,41,18,3,1,3,2,3,4
1273,2044,3,3,3,26624,3,NULL,1,1,1,NULL,NULL,3.7,98501,2,NULL,7,8,1,3,3,3,2,3,4
1976,2695,2,5,5,436000,3,1832,12,3,2,5285.0,NULL,4.36,1900000,2,NULL,8,7,30,3,1,3,2,3,4
1488,2202,3,6,6,1500000,3,NULL,1,1,1,7800.0,NULL,NULL,300000,2,NULL,3,8,7,3,3,3,2,3,4
1569,2283,3,3,3,82742,3,1746,12,3,2,NULL,NULL,1.0,83520,2,NULL,11,1,1,1,1,3,2,3,4
866,1952,3,3,3,1400000,3,31651,12,3,1,NULL,NULL,0.7,934000,2,NULL,30,21,1,1,1,3,2,3,4
701,1787,2,3,3,NULL,1,123867,5,3,1,NULL,NULL,NULL,NULL,1,NULL,8,1,1,3,1,3,2,3,4
344,1149,3,2,2,52700,3,38,14,3,1,NULL,NULL,NULL,6895000,2,NULL,38,9,45,2,2,3,2,3,4
363,708,3,2,2,49887,3,358,12,3,2,NULL,0.57,10.0,914000,2,NULL,14,1,1,3,1,3,2,3,4
1236,2016,3,3,3,10817,3,191762,5,3,2,NULL,NULL,8.7,94515,2,NULL,7,6,1,3,1,3,2,3,4
1439,2157,1,3,3,11290,3,NULL,1,1,1,NULL,NULL,NULL,7200000,2,NULL,9,12,8,2,1,3,2,3,4
1442,2160,1,3,3,7000,3,NULL,5,1,1,NULL,NULL,NULL,17700000,2,NULL,9,7,8,1,1,3,2,3,4
1784,2502,2,2,2,NULL,3,NULL,1,3,1,NULL,NULL,NULL,13182000,2,NULL,9,33,7,2,3,3,2,3,4
383,882,3,2,2,112000,1,NULL,1,1,1,NULL,NULL,NULL,250000,2,NULL,12,11,1,1,1,3,2,3,4
97,663,3,3,3,23681,3,127130,5,3,2,142.0,NULL,0.33,7897,2,NULL,17,1,1,1,1,3,2,3,4
123,722,3,3,3,69234,3,150000,7,3,4,444.0,NULL,0.8,58032,2,NULL,12,1,1,1,1,3,2,3,4
128,732,3,3,3,158528,3,4594,5,3,2,2038.0,NULL,0.02,3179,1,NULL,21,1,1,1,1,3,2,3,4
543,1496,3,7,7,285550000,1,NULL,1,1,1,NULL,NULL,NULL,NULL,1,NULL,12,21,1,3,1,3,2,3,4
91,742,3,1,1,NULL,1,7,3,3,2,NULL,NULL,NULL,NULL,1,NULL,19,1,1,3,1,3,2,3,4
662,1750,3,3,3,11000000,3,331071,12,3,1,NULL,NULL,NULL,31148000,2,NULL,19,21,3,2,1,3,2,3,4
1567,2281,3,3,3,141702,3,556859,5,3,1,NULL,NULL,0.58,83270,2,NULL,49,30,11,1,1,3,2,3,4
1584,2298,3,3,3,677882,3,97391,5,3,1,NULL,NULL,0.41,270626,2,NULL,19,1,1,1,1,3,2,3,4
131,747,3,3,3,58796,3,NULL,1,1,1,NULL,NULL,0.82,48415,2,6227,19,1,1,3,3,3,2,3,4
1755,2473,3,3,3,843000,3,7828200,5,3,1,NULL,NULL,0.5,393000,2,NULL,21,3,11,3,1,3,2,3,4
147,861,3,3,3,9486,3,NULL,1,1,1,149.0,NULL,0.26,2500,2,NULL,21,30,8,3,1,3,2,3,4
595,1617,3,7,7,40000,3,9000,5,3,2,NULL,NULL,NULL,NULL,1,NULL,13,1,1,3,3,3,2,3,4
122,718,3,3,3,249200,3,48,12,3,2,163.0,NULL,NULL,51667,2,NULL,49,13,14,3,1,3,2,3,4
487,1412,3,6,6,26414,3,NULL,1,1,1,233.0,NULL,3.5,68685,2,NULL,15,1,1,1,1,3,2,3,4
713,1799,3,3,3,46000,1,90000,5,3,2,NULL,NULL,NULL,NULL,1,NULL,13,8,1,3,1,3,2,3,4
718,1804,3,3,3,156218,3,2420640,5,3,2,NULL,NULL,1.0,135000,2,NULL,3,13,1,3,1,3,2,3,4
642,1730,3,4,4,NULL,1,30000,2,3,1,NULL,NULL,NULL,630000,2,NULL,24,13,1,3,1,3,2,3,4
1756,2474,3,3,3,60000,3,NULL,1,3,1,NULL,NULL,0.9,55000,2,NULL,13,1,1,3,1,3,2,3,4
148,862,3,3,3,855460,3,NULL,1,1,7,10198.0,NULL,3.4,2890000,2,NULL,20,13,1,3,1,3,2,3,4
1568,2282,3,3,3,142000,3,950,16,3,2,NULL,0.12,0.2,30400,2,NULL,3,1,1,1,1,3,2,3,4
1575,2289,3,3,3,158117,3,1808,11,3,2,NULL,0.124,NULL,6520,2,NULL,3,11,1,1,1,3,2,3,4
1578,2292,3,3,3,795002,3,115405,11,3,2,NULL,0.46,0.45,358153,2,NULL,3,11,49,1,1,3,2,3,4
1582,2296,3,3,3,78278,3,1173,11,3,1,NULL,NULL,0.33,25490,2,NULL,19,3,1,1,1,3,2,3,4
1585,2299,3,3,3,343743,3,632853,5,3,1,NULL,NULL,1.9,65855,2,NULL,8,1,1,1,1,3,2,3,4
675,1763,3,3,3,2600000,3,NULL,1,3,1,NULL,NULL,5.25,15000000,2,NULL,15,8,17,3,3,3,2,3,4
369,840,3,2,2,36698,3,500,12,3,1,90.5,0.042,1.2,43883,2,NULL,11,1,1,1,1,3,2,3,4
436,939,3,1,1,NULL,1,NULL,1,1,1,NULL,0.06,NULL,NULL,1,NULL,19,1,1,1,1,3,2,3,4
1879,2597,3,3,3,12579000,3,11520,12,3,2,NULL,NULL,0.5,6535300,2,NULL,14,19,7,3,3,3,2,3,4
1246,2023,3,3,3,227805,3,3254359,5,3,2,1237.0,NULL,NULL,NULL,1,NULL,11,14,8,1,1,3,2,3,4
714,1800,3,3,3,83096,1,813636,5,3,1,NULL,NULL,0.25,NULL,1,NULL,11,7,21,1,1,3,2,3,4
670,1758,3,3,3,2870000,1,37100000,5,2,1,NULL,NULL,NULL,NULL,1,NULL,17,24,8,1,1,3,2,3,4
1226,2009,3,3,3,94409,3,1787221,5,3,2,679.0,NULL,NULL,385095,2,NULL,8,19,11,4,1,3,2,3,4
1277,2047,3,3,3,126137,3,1757132,5,3,2,668.0,NULL,4.1,520909,2,NULL,11,8,14,3,3,3,2,3,4
144,851,3,1,1,NULL,1,700,12,3,1,425.0,NULL,0.5,NULL,1,NULL,11,1,1,3,3,3,2,3,4
757,1843,3,4,4,248600,1,NULL,1,3,1,5617.0,NULL,1.25,304000,2,NULL,8,11,1,3,2,3,2,3,4
1766,2484,3,3,3,226000,3,3420000,5,3,2,181.0,NULL,4.4,1000000,2,NULL,11,1,1,3,1,3,2,3,4
1829,2547,3,3,3,700000,3,2900,12,3,1,NULL,NULL,0.4,300000,2,NULL,11,1,1,3,1,3,2,3,4
53,735,3,5,5,176000,3,2,3,1,1,300.0,NULL,4.5,795000,2,NULL,11,1,1,1,1,3,2,3,4
357,707,3,2,2,15000,3,350000,5,3,1,NULL,NULL,11.0,164000,2,NULL,11,1,1,1,1,3,2,3,4
54,736,3,2,2,19000,3,192,12,3,2,NULL,0.35,4.5,90000,2,NULL,11,1,1,1,1,3,2,3,4
154,642,3,2,2,7000,3,96,12,3,2,NULL,0.33,6.0,42000,2,NULL,11,1,1,3,1,3,2,3,4
1747,2465,3,3,3,160000,3,2400000,5,3,2,NULL,0.08,0.67,105000,2,NULL,11,1,1,1,1,3,2,3,4
618,1706,3,3,3,62663,3,2088760,5,3,2,NULL,NULL,6.1,383412,2,NULL,8,11,1,3,3,3,2,3,4
1748,2466,3,3,3,457000,3,4501516,5,3,2,NULL,NULL,1.17,521000,2,NULL,11,1,1,3,1,3,2,3,4
1751,2469,3,3,3,136000,3,1200000,5,3,2,NULL,NULL,1.8,246000,2,NULL,11,1,1,3,1,3,2,3,4
1757,2475,3,3,3,73200,3,716000,5,3,2,NULL,NULL,1.14,83500,2,NULL,11,1,1,3,1,3,2,3,4
1759,2477,3,3,3,165000,3,1075000,5,3,2,NULL,NULL,2.0,336000,2,NULL,11,1,1,3,1,3,2,3,4
1762,2480,3,3,3,395000,3,7200000,5,3,2,NULL,NULL,2.0,800000,2,NULL,11,1,1,3,1,3,2,3,4
1745,2463,3,3,3,15000,3,272000,5,3,2,NULL,NULL,1.3,20000,2,NULL,11,1,1,1,1,3,2,3,4
1805,2523,3,3,3,500000,3,150000,12,3,2,NULL,NULL,3.0,1500000,2,NULL,11,1,1,3,1,3,2,3,4
1930,2648,3,3,3,185000,3,3430556,5,3,2,NULL,0.04,2.9,528000,2,NULL,11,1,1,3,1,3,2,3,4
1358,2116,3,3,3,288000,3,5716000,1,1,1,NULL,NULL,1.0,278000,2,NULL,11,1,1,3,1,3,2,3,4
1247,2024,3,3,3,63315,3,761370,5,3,2,NULL,NULL,NULL,396828,2,NULL,18,8,11,3,3,3,2,3,4
60,907,3,2,2,66000,3,2900,12,3,2,NULL,0.12,1.5,110000,2,NULL,11,1,1,1,1,3,2,3,4
57,860,3,2,2,27700,3,500,12,3,2,NULL,0.32,0.58,16400,2,NULL,11,1,1,1,1,0,2,3,4
1980,2699,3,2,2,56560,3,565600,5,3,2,352.0,0.06,1.0,52380,2,NULL,11,24,8,3,1,3,2,3,4
1571,2285,3,3,3,55000,3,1300,12,3,2,NULL,NULL,NULL,110000,2,NULL,11,1,1,1,1,3,2,3,4
1824,2542,3,3,3,59000,3,1800,12,3,1,NULL,NULL,1.3,75000,2,NULL,11,1,1,3,1,3,2,3,4
1861,2579,3,3,3,141500,3,1559,12,3,2,NULL,NULL,1.2,342000,2,NULL,11,1,1,1,1,3,2,3,4
1891,2609,3,3,3,102000,3,2542,12,3,1,NULL,0.04,2.5,412000,2,NULL,11,1,1,1,1,3,2,3,4
1932,2650,3,3,3,108000,3,1870,12,3,2,NULL,0.04,2.8,310000,2,NULL,11,1,1,1,1,3,2,3,4
1935,2653,3,3,3,160000,3,2345,12,3,2,NULL,NULL,1.4,228000,2,NULL,11,1,1,1,1,3,2,3,4
1819,2537,3,3,3,625000,3,222,11,3,4,NULL,NULL,2.0,1250000,2,NULL,33,24,11,3,3,3,2,3,4
1583,2297,3,3,3,65238,3,5700,11,3,1,NULL,NULL,1.0,67869,2,NULL,12,11,15,1,1,3,2,3,4
1810,2528,3,3,3,199000,3,900,12,3,1,NULL,NULL,2.09,417000,2,NULL,11,1,1,3,1,3,2,3,4
1875,2593,3,3,3,45000,3,820,12,3,2,NULL,NULL,1.5,67000,2,NULL,11,1,1,1,1,3,2,3,4
531,1484,3,7,7,2900000,3,873080,5,3,1,NULL,0.19,0.75,2000000,2,NULL,11,1,1,3,1,3,2,3,4
1811,2529,3,3,3,27000,3,218,12,3,1,NULL,NULL,1.2,55000,2,NULL,11,1,1,3,1,3,2,3,4
1816,2534,3,3,3,63000,3,742,12,3,2,NULL,0.05,0.87,55000,2,NULL,11,1,1,3,1,3,2,3,4
1830,2548,3,3,3,96000,3,800,12,3,1,NULL,NULL,1.3,129000,2,NULL,11,1,1,3,1,3,2,3,4
156,887,3,2,2,6400,3,105,12,3,2,NULL,0.113,5.0,35000,2,NULL,11,1,1,1,1,3,2,3,4
62,967,3,1,1,NULL,1,720,12,3,2,NULL,NULL,NULL,NULL,1,NULL,11,1,1,1,1,3,2,3,4
479,1404,3,6,6,25000,3,270,12,3,1,147.0,NULL,2.76,69000,2,NULL,11,8,1,3,1,3,2,3,4
509,1462,3,1,1,NULL,1,58540,5,3,2,NULL,NULL,NULL,NULL,1,NULL,19,11,1,1,1,3,2,3,4
484,1409,3,6,6,120000,3,NULL,1,1,1,7800.0,NULL,2.5,300000,2,NULL,7,11,1,2,1,3,2,3,4
1564,2278,3,3,3,29982,3,98,11,3,2,NULL,0.083,2.6,79722,2,NULL,11,19,1,1,1,3,2,3,4
1880,2598,3,3,3,24200,3,242,12,3,2,NULL,NULL,1.2,38000,2,NULL,11,1,1,1,1,3,2,3,4
1886,2604,3,3,3,20700,3,517,12,3,1,NULL,0.25,1.0,23000,2,NULL,11,1,1,1,1,3,2,3,4
98,951,3,3,3,99020,3,NULL,1,1,1,643.3,NULL,0.48,47880,2,NULL,11,12,1,1,1,3,2,3,4
2052,2767,3,2,2,34200,3,NULL,1,1,1,NULL,NULL,10.0,361000,2,NULL,3,11,1,3,1,3,2,3,4
706,1792,3,3,3,39175,1,460882,5,3,1,NULL,NULL,NULL,NULL,1,NULL,11,1,1,3,1,3,2,3,4
708,1794,3,3,3,139672,1,3412000,5,3,2,NULL,NULL,NULL,NULL,1,NULL,11,1,1,3,1,3,2,3,4
739,1825,3,7,7,8400000,3,NULL,1,3,2,NULL,NULL,1.2,10000000,2,NULL,11,1,1,3,1,3,2,3,4
759,1845,3,4,4,600000,1,NULL,1,3,1,13760.0,NULL,NULL,NULL,1,NULL,11,19,1,3,1,3,2,3,4
1479,2193,3,6,6,75000,3,NULL,1,1,1,NULL,NULL,NULL,NULL,1,NULL,11,8,17,3,1,3,2,3,4
1862,2580,3,3,3,711000,3,7900,12,3,2,NULL,NULL,1.0,724000,2,NULL,11,1,1,3,1,3,2,3,4
1866,2584,3,3,3,309000,3,7600,12,3,1,NULL,NULL,1.75,545000,2,NULL,11,1,1,3,1,3,2,3,4
1984,2703,3,2,2,55000,3,775000,5,3,1,300.0,0.49,1.1,62500,2,NULL,11,1,1,3,1,3,2,3,4
620,1708,3,3,3,400000,3,2,3,3,2,NULL,0.09,1.1,450000,2,NULL,3,12,8,3,1,3,2,3,4
696,1782,3,3,3,NULL,1,NULL,5,1,1,NULL,0.22,NULL,NULL,1,NULL,19,1,1,3,1,3,2,3,4
671,1759,3,3,3,4000000,1,NULL,1,2,1,NULL,NULL,NULL,NULL,1,NULL,11,7,1,1,1,3,2,3,4
865,1951,2,3,3,528724,3,22519,11,3,1,NULL,NULL,8.4,4428666,2,NULL,17,11,8,3,1,3,2,3,4
359,940,3,2,2,5000,3,116,12,3,1,31.0,NULL,2.0,10000,2,NULL,19,11,1,1,1,3,2,3,4
552,1505,3,7,7,265893,3,54264,5,3,2,NULL,NULL,NULL,NULL,1,NULL,11,1,1,3,1,3,2,3,4
547,1500,3,7,7,253000,3,NULL,1,1,1,NULL,NULL,1.77,4500000,1,NULL,17,11,1,3,1,3,2,3,4
692,1778,3,5,5,58100,3,216000,5,3,1,NULL,0.19,2.0,116000,2,NULL,7,1,1,3,3,3,2,3,4
67,953,3,2,2,18000,3,550,12,3,3,35.2,0.21,1.5,27000,2,NULL,17,1,1,3,1,3,2,3,4
99,664,3,3,3,1338065,3,NULL,1,1,1,37353.0,NULL,0.78,1048000,2,NULL,24,19,17,3,1,3,2,3,4
108,704,3,3,3,6140,3,NULL,1,1,1,NULL,NULL,0.93,5724,2,NULL,17,1,1,1,1,3,2,3,4
1906,2624,3,3,3,4980500,3,1304703,11,3,1,NULL,NULL,1.3,6526000,2,NULL,12,17,11,3,1,3,2,3,4
851,1937,3,3,3,1600000,3,NULL,1,1,1,NULL,NULL,2.18,3488000,2,NULL,12,17,1,1,1,3,2,3,4
862,1948,3,3,3,138560,3,62899,11,3,4,15694.0,NULL,0.5,69280,2,NULL,17,1,1,1,1,3,2,3,4
806,1892,3,5,5,NULL,1,11154,2,3,1,739.0,NULL,NULL,306196,2,NULL,17,1,1,3,1,3,2,3,4
659,1747,3,12,12,1000000,3,35000,2,3,1,NULL,NULL,1.0,1000000,2,NULL,17,14,15,3,1,3,2,3,4
166,905,3,3,3,140230,3,NULL,1,1,1,3229.0,NULL,0.8,112784,2,51161,15,20,17,3,1,3,2,3,4
1988,2707,3,2,2,8000000,3,216,3,3,1,54260.0,0.06,4.3,35000000,2,NULL,19,11,16,3,1,3,2,3,4
382,828,3,2,2,7472,3,2085,12,3,1,NULL,NULL,1.5,11208,2,NULL,8,1,1,1,1,3,2,3,4
46,698,3,3,3,1900000,3,272000,11,3,3,NULL,NULL,0.1,225000,2,NULL,17,33,1,3,3,3,2,3,4
86,675,3,3,3,335000,3,75000,11,3,4,NULL,NULL,0.5,180000,2,NULL,17,33,1,3,3,3,2,3,4
141,848,3,3,3,627000,3,70000,11,3,1,NULL,NULL,0.2,125000,2,NULL,12,17,1,1,1,3,2,3,4
1491,2205,3,6,6,NULL,1,NULL,1,1,1,10016.0,NULL,NULL,NULL,1,NULL,24,17,1,3,1,3,2,3,4
584,1606,3,7,7,406000,3,29000,7,3,7,NULL,NULL,0.55,200000,2,100000,17,11,1,1,1,3,2,3,4
100,665,3,3,3,20232,3,37009,5,3,2,288.0,NULL,3.5,72353,2,NULL,12,1,1,1,1,3,2,3,4
105,681,3,3,3,741259,3,NULL,1,1,1,17156.0,NULL,2.3,1512829,2,NULL,33,17,1,3,3,3,2,3,4
167,906,3,3,3,379000,3,58200,11,3,1,NULL,NULL,0.5,176000,2,NULL,12,1,1,1,1,3,2,3,4
170,958,3,3,3,165000,3,NULL,1,1,1,NULL,0.38,2.7,381000,2,NULL,24,1,1,1,1,3,2,3,4
2,729,3,3,3,1173250,3,NULL,1,1,1,22302.0,NULL,2.9,3454248,2,NULL,33,24,1,3,3,0,2,3,4
1574,2288,3,3,3,48406,3,1928,11,3,1,NULL,0.147,0.6,28985,2,NULL,12,17,11,1,1,3,2,3,4
1587,2301,3,3,3,346000,3,475000,5,3,1,NULL,NULL,NULL,32630,2,NULL,19,17,8,1,1,3,2,3,4
1807,2525,3,3,3,80000,3,27308,11,3,1,2400.0,NULL,0.2,22000,2,NULL,17,1,1,3,1,3,2,3,4
370,916,3,2,2,80000,3,NULL,1,1,1,500.0,NULL,1.0,80000,1,NULL,17,15,1,3,1,3,2,3,4
840,1926,3,3,3,52500,1,NULL,1,1,1,NULL,NULL,NULL,6000,2,NULL,17,1,1,1,1,3,2,3,4
101,671,3,2,2,41542,3,1912,15,3,9,4800.0,NULL,0.7,23020,2,NULL,20,1,1,1,1,3,2,3,4
1835,2553,3,3,3,52485000,3,6000000,11,3,1,NULL,NULL,0.6,30993000,2,NULL,17,12,19,3,1,3,2,3,4
548,1501,3,7,7,1697000,3,104200,7,3,4,NULL,NULL,0.34,580000,2,NULL,17,13,12,3,1,3,2,3,4
30,693,3,2,2,NULL,1,NULL,1,1,1,NULL,NULL,NULL,67000,2,NULL,19,1,1,1,1,3,2,3,4
169,937,3,4,4,30526,3,NULL,1,3,1,412.0,0.06,3.8,116000,2,NULL,17,12,1,3,3,3,2,3,4
838,1924,3,3,3,329000,3,15766,12,3,1,NULL,NULL,1.2,373000,2,NULL,17,12,1,1,1,3,2,3,4
164,903,3,3,3,1304850,3,2437500,7,3,4,5614.0,NULL,1.28,1669341,2,NULL,33,20,12,3,3,3,2,3,4
540,1493,3,1,1,NULL,1,NULL,1,1,1,NULL,NULL,NULL,NULL,1,NULL,19,1,1,1,1,3,2,3,4
158,897,3,3,3,31000,3,14000,11,3,1,NULL,NULL,0.5,15000,1,NULL,17,1,1,1,1,3,2,3,4
159,898,3,3,3,1000000,3,154000,11,3,1,NULL,NULL,0.1,31000,2,NULL,33,17,1,3,3,3,2,3,4
804,1890,3,5,5,NULL,1,619081,2,3,1,37259.0,NULL,NULL,25647355,2,NULL,12,1,1,3,1,3,2,3,4
853,1939,3,3,3,NULL,1,1280000,11,3,1,56000.0,NULL,NULL,19000000,2,NULL,24,30,1,3,3,3,2,3,4
1758,2476,3,3,3,5000000,3,NULL,1,3,1,92000.0,NULL,NULL,NULL,2,NULL,44,33,1,3,3,3,2,3,4
1508,2222,3,5,5,NULL,1,208261,2,3,4,7535.0,NULL,NULL,4008676,2,NULL,24,38,1,3,1,3,2,3,4
1852,2570,2,3,3,NULL,3,NULL,1,3,1,NULL,NULL,NULL,NULL,2,NULL,33,1,1,3,3,3,2,3,4
1825,2543,3,3,3,707000,3,NULL,1,3,1,NULL,NULL,3.0,2121000,2,NULL,30,24,19,3,1,3,2,3,4
672,1760,3,1,1,NULL,1,NULL,1,1,1,NULL,0.26,NULL,NULL,1,NULL,12,11,1,1,1,3,2,3,4
1990,2709,3,2,2,500910,3,12600,12,3,1,3623.0,0.19,1.2,600000,2,NULL,12,24,14,3,3,3,2,3,4
789,1875,3,5,5,NULL,1,1381,2,3,1,97.0,NULL,NULL,59942,2,NULL,12,1,1,3,1,3,2,3,4
1991,2710,3,2,2,680000,3,31291000,5,3,3,9293.0,0.73,0.74,500000,2,NULL,3,24,21,3,1,3,2,3,4
753,1839,3,7,7,4000000,3,NULL,1,3,1,NULL,NULL,0.6,2380000,2,NULL,24,1,1,3,1,3,2,3,4
64,961,3,2,2,28000,3,1000,12,3,3,206.0,0.03,1.7,45400,2,NULL,12,1,1,1,1,3,2,3,4
481,1406,3,6,6,55872,3,7163,12,3,1,1412.0,NULL,1.0,55290,2,NULL,12,1,1,3,3,3,2,3,4
440,814,3,3,3,872000,3,93000,11,3,1,NULL,NULL,1.7,1500000,2,NULL,12,1,1,3,1,3,2,3,4
63,964,3,5,5,NULL,1,805000,2,3,1,48010.0,NULL,NULL,22100000,2,NULL,24,1,1,1,1,3,2,3,4
1492,2206,3,5,5,NULL,1,629,2,3,1,44.0,NULL,NULL,73727,2,NULL,12,1,1,1,1,3,2,3,4
809,1895,3,5,5,NULL,1,6119,2,3,1,346.0,NULL,NULL,489651,2,NULL,18,12,1,3,1,3,2,3,4
501,1426,3,1,1,NULL,1,NULL,1,1,3,NULL,0.05,NULL,NULL,1,NULL,12,1,1,3,1,3,2,3,4
2095,4753,3,2,1,500000,3,NULL,1,1,1,NULL,0.4,8.0,4000000,2,NULL,7,24,28,3,1,3,2
517,1470,3,9,9,60000,3,214,12,3,1,NULL,NULL,0.5,30000,2,NULL,11,1,1,1,1,3,2,3,4
807,1893,3,5,5,NULL,1,14199,2,3,4,8495.0,NULL,NULL,5310033,2,NULL,12,1,1,3,1,3,2,3,4
1306,2082,3,1,1,NULL,1,NULL,1,1,1,NULL,NULL,NULL,NULL,1,NULL,3,24,19,3,1,3,2,3,4
1828,2546,3,3,3,2900000,3,729000,11,3,1,NULL,NULL,2.65,7700000,2,NULL,24,30,1,3,1,3,2,3,4
1512,2226,3,5,5,NULL,1,NULL,1,1,1,NULL,NULL,NULL,8000,2,NULL,24,1,1,3,1,3,2,3,4
677,1765,3,3,3,NULL,1,NULL,1,1,1,82647.0,NULL,NULL,21910000,2,NULL,50,17,15,3,3,3,2,3,4
237,974,2,2,2,7900,3,59300,5,3,1,NULL,NULL,4.8,38000,2,NULL,8,1,1,1,1,3,2,3,4
250,1088,3,1,1,NULL,1,NULL,1,1,1,NULL,NULL,NULL,NULL,1,NULL,8,1,1,1,1,3,2,3,4
1579,2293,3,3,3,19277,3,1411,11,3,1,NULL,NULL,1.0,18594,2,NULL,8,11,12,1,1,3,2,3,4
278,850,3,2,2,2785,3,93196,5,3,1,NULL,0.52,5.2,14500,1,NULL,8,1,1,1,1,3,2,3,4
2065,2774,3,2,2,NULL,1,115,14,3,1,NULL,NULL,NULL,NULL,1,NULL,3,14,8,1,1,3,2,3,4
2068,2777,3,6,6,NULL,3,230,3,2,1,NULL,0.14,NULL,NULL,2,NULL,3,1,1,1,1,3,2,3,4
1588,2302,3,3,3,35871,3,430347,5,3,2,394.0,0.67,NULL,NULL,2,NULL,8,1,1,3,1,3,2,3,4
1738,2452,3,5,5,NULL,1,2221,2,3,1,153.0,NULL,NULL,264742,2,NULL,19,8,1,1,1,3,2,3,4
198,1136,2,1,1,NULL,1,NULL,1,1,1,NULL,0.765,NULL,NULL,1,NULL,8,1,1,1,1,3,2,3,4
200,1139,3,2,2,657484,3,2995,12,3,2,NULL,0.4,2.4,1561598,2,NULL,8,1,1,3,3,3,2,3,4
208,1060,1,2,2,4133,3,NULL,1,1,2,NULL,0.34,NULL,NULL,1,NULL,8,1,1,1,1,3,2,3,4
209,874,3,1,1,NULL,1,276,12,3,2,NULL,0.451,3.0,NULL,1,NULL,8,1,1,1,1,3,2,3,4
212,1140,2,2,2,878,3,110480,5,3,2,NULL,0.7,NULL,NULL,1,NULL,8,1,1,1,1,3,2,3,4
213,1061,1,2,2,5564,3,23426,5,3,2,NULL,NULL,4.3,23925,2,NULL,8,1,1,1,1,3,2,3,4
224,976,2,1,1,NULL,1,NULL,1,1,1,NULL,NULL,NULL,NULL,1,NULL,8,1,1,1,1,3,2,3,4
226,1085,3,1,1,NULL,1,118000,12,1,1,NULL,NULL,NULL,NULL,1,NULL,8,1,1,1,1,3,2,3,4
234,1174,3,1,1,NULL,1,159348,5,3,1,NULL,0.6,4.0,NULL,1,NULL,8,1,1,1,1,3,2,3,4
238,987,2,2,2,59987,3,NULL,1,1,1,NULL,NULL,NULL,NULL,1,NULL,8,1,1,1,1,3,2,3,4
239,1141,3,1,1,NULL,1,815229,5,3,1,NULL,0.68,3.5,NULL,1,NULL,8,1,1,1,1,3,2,3,4
260,1108,3,2,2,14270,3,58600,5,3,2,75.25,0.68,1.0,NULL,1,NULL,8,1,1,1,1,3,2,3,4
263,1102,3,1,1,NULL,1,121500,5,3,2,NULL,NULL,NULL,NULL,1,NULL,8,1,1,1,1,3,2,3,4
268,979,2,1,1,NULL,1,NULL,1,1,2,NULL,0.7,NULL,NULL,1,NULL,8,1,1,1,1,3,2,3,4
272,1013,2,2,2,26127,3,201,12,3,2,NULL,0.67,6.1,160000,2,NULL,8,1,1,3,1,3,2,3,4
273,975,2,2,2,8281,3,86310,5,3,1,NULL,0.62,6.0,50000,2,NULL,8,1,1,1,1,3,2,3,4
274,701,3,1,1,NULL,1,NULL,1,1,1,NULL,0.63,NULL,NULL,1,NULL,8,1,1,1,1,3,2,3,4
279,1169,3,2,2,NULL,1,52303,5,3,1,NULL,0.64,NULL,55000,2,NULL,8,1,1,1,1,3,2,3,4
284,889,3,1,1,NULL,1,NULL,1,1,1,NULL,0.5,NULL,NULL,1,NULL,8,1,1,1,1,3,2,3,4
287,672,3,1,1,NULL,1,663,12,1,1,NULL,0.63,NULL,NULL,1,NULL,8,1,1,1,1,3,2,3,4
290,656,3,2,2,45500,3,350000,5,3,2,NULL,0.58,4.5,200000,2,NULL,8,1,1,1,1,3,2,3,4
292,880,3,2,2,2906,3,16198,5,3,2,7.1,0.41,4.1,12000,2,NULL,8,1,1,1,1,3,2,3,4
295,879,3,2,2,84000,3,646412,5,3,2,NULL,NULL,3.9,330000,2,NULL,8,1,1,3,1,3,2,3,4
296,867,3,2,2,3300,3,29,5,3,1,NULL,0.26,4.5,15000,2,NULL,8,1,1,1,1,3,2,3,4
305,1170,3,1,1,NULL,1,NULL,1,1,1,45.6,0.52,NULL,NULL,1,NULL,8,1,1,1,1,3,2,3,4
310,986,2,1,1,NULL,1,17300,5,3,2,866.0,NULL,NULL,NULL,1,NULL,8,1,1,1,1,3,2,3,4
318,1176,3,1,1,NULL,1,1585,12,3,2,975.0,0.3438,NULL,NULL,1,NULL,8,1,1,1,1,3,2,3,4
319,866,3,1,1,NULL,1,765,12,3,2,NULL,NULL,NULL,NULL,1,NULL,8,1,1,1,1,3,2,3,4
324,1006,2,1,1,NULL,1,53900,5,3,2,NULL,NULL,NULL,NULL,1,NULL,8,1,1,1,1,3,2,3,4
232,700,3,2,2,7000,3,34725,5,3,1,NULL,0.6,6.1,42700,2,NULL,8,1,1,1,1,3,2,3,4
216,723,3,1,1,NULL,1,541000,5,3,2,NULL,0.7,1.2,NULL,1,NULL,8,1,1,1,1,3,2,3,4
244,1069,3,2,2,2183,3,21828,5,3,1,NULL,NULL,NULL,NULL,1,NULL,8,1,1,1,1,3,2,3,4
246,1065,1,2,2,1621,3,68003,5,3,1,NULL,NULL,3.82,6192,2,NULL,8,1,1,3,1,3,2,3,4
293,655,3,1,1,NULL,1,392,12,3,2,NULL,0.83,1.0,NULL,1,NULL,8,1,1,1,1,3,2,3,4
1785,2503,3,2,2,2188,3,9700,5,3,2,NULL,0.63,3.0,6563,2,NULL,8,1,1,3,1,3,2,3,4
621,1709,3,3,3,NULL,1,NULL,1,1,1,NULL,0.25,3.0,NULL,1,NULL,7,8,54,2,1,3,2,3,4
394,1073,2,2,2,25075,1,NULL,1,1,1,12.0,NULL,NULL,NULL,1,NULL,8,1,1,1,1,3,2,3,4
225,977,2,1,1,NULL,1,200,12,3,1,NULL,0.25,NULL,NULL,1,NULL,8,1,1,1,1,3,2,3,4
261,1111,3,1,1,NULL,1,404,12,3,1,472.0,0.58,0.5,NULL,1,NULL,8,1,1,1,1,3,2,3,4
302,982,2,2,2,300,1,NULL,1,1,2,NULL,NULL,NULL,19000,2,NULL,8,1,1,1,1,3,2,3,4
317,1175,3,1,1,NULL,1,419,12,3,2,NULL,NULL,NULL,NULL,1,NULL,8,1,1,1,1,3,2,3,4
328,1028,2,2,2,9260,3,66,12,3,2,NULL,0.574,40.0,370800,2,NULL,8,1,1,1,1,3,2,3,4
367,1148,3,2,2,NULL,1,NULL,1,1,1,NULL,0.652,NULL,1217000,2,NULL,9,7,8,2,3,0,2,3,4
505,1430,2,2,2,NULL,1,NULL,1,1,1,0.25,NULL,NULL,467000,2,NULL,9,50,8,3,1,3,2,3,4
196,1137,3,2,2,2800,3,16100,5,3,2,NULL,0.383,3.0,8400,1,NULL,8,1,1,3,1,3,2,3,4
281,853,3,1,1,NULL,1,NULL,1,1,1,NULL,0.5,NULL,NULL,1,NULL,8,1,1,1,1,3,2,3,4
201,990,2,2,2,81136,2,NULL,1,1,2,NULL,NULL,NULL,NULL,1,NULL,8,1,1,1,1,3,2,3,4
1781,2499,1,2,2,NULL,3,NULL,1,3,1,NULL,NULL,NULL,409600,2,NULL,8,1,1,3,1,3,2,3,4
842,1928,2,3,3,1037589,3,21887,11,3,1,NULL,NULL,6.3,6572936,2,NULL,12,3,1,1,1,3,2,3,4
217,1008,2,2,2,8900,1,105,12,3,1,NULL,0.484,NULL,NULL,1,NULL,8,1,1,1,1,3,2,3,4
221,989,2,1,1,NULL,1,NULL,1,1,1,NULL,0.7,NULL,NULL,1,NULL,8,1,1,1,1,3,2,3,4
311,998,2,2,2,91400,3,2819640,5,3,2,3798.0,NULL,NULL,NULL,1,NULL,8,1,1,1,1,3,2,3,4
312,1002,2,2,2,133230,3,2778,12,3,2,NULL,NULL,1.8,239976,2,NULL,8,1,1,3,1,3,2,3,4
313,1014,2,2,2,107730,3,1720,12,3,1,NULL,NULL,2.0,234230,2,NULL,8,1,1,1,1,3,2,3,4
299,705,3,2,2,10240,3,71392,5,3,1,34.4,0.35,7.0,71680,1,NULL,8,1,1,1,1,3,2,3,4
586,1608,3,7,7,35000,3,7500,5,3,2,NULL,NULL,4.28,150000,2,NULL,15,1,1,3,1,3,2,3,4
1259,2032,3,3,3,2640,3,37746,5,3,2,NULL,NULL,2.9,7711,2,NULL,15,1,1,3,1,3,2,3,4
717,1803,3,1,1,NULL,1,NULL,1,1,1,73.5,NULL,NULL,NULL,1,NULL,12,8,15,3,3,3,2,3,4
393,1074,1,2,2,3427,3,59094,5,3,1,17.0,0.35,24.0,10603,2,NULL,9,1,1,3,1,3,2,3,4
397,1076,2,2,2,49286,3,NULL,1,1,1,NULL,NULL,16.3,804100,2,NULL,45,9,1,3,2,3,2,3,4
2049,2764,3,2,2,NULL,1,NULL,1,1,1,NULL,NULL,NULL,350000,2,NULL,9,7,45,1,2,3,2,3,4
2071,2780,2,2,2,NULL,1,491526,5,1,2,NULL,0.052,NULL,NULL,2,NULL,3,1,1,1,1,3,2,3,4
597,1685,3,1,1,NULL,1,NULL,1,1,1,NULL,NULL,NULL,NULL,1,NULL,7,9,1,2,3,3,2,3,4
1198,1983,3,2,2,NULL,1,NULL,1,1,1,NULL,0.5,NULL,378900,2,NULL,9,8,1,2,3,3,2,3,4
625,1713,3,1,1,NULL,1,NULL,1,1,1,12.0,0.52,NULL,NULL,1,NULL,9,7,8,2,1,3,2,3,4
627,1715,3,3,3,1140,3,NULL,1,3,3,NULL,NULL,3.9,4400,2,NULL,9,1,1,3,3,3,2,3,4
1217,2002,3,2,2,NULL,1,89,41,1,1,NULL,0.38,NULL,1131203,2,NULL,9,7,1,3,1,3,2,3,4
1263,2034,3,3,3,29485,3,128713,5,3,2,NULL,NULL,NULL,581499,2,NULL,9,8,1,1,1,3,2,3,4
1281,2057,2,3,3,NULL,1,7400,12,1,1,6437.0,0.34,NULL,4670000,2,NULL,9,29,8,3,1,3,2,3,4
750,1836,3,7,7,900000,3,NULL,1,3,2,NULL,0.1,1.4,690000,2,NULL,9,7,1,1,1,3,2,3,4
1779,2497,1,2,2,NULL,3,NULL,1,3,1,NULL,NULL,NULL,NULL,2,NULL,9,7,1,3,1,3,2,3,4
603,1691,2,3,3,3100,3,NULL,1,1,1,NULL,NULL,8.0,24200,2,NULL,9,45,7,2,2,3,2,3,4
450,1291,3,2,2,NULL,1,950,7,3,4,NULL,NULL,NULL,117679,2,150,25,1,1,1,1,3,2,3,4
451,1292,3,9,9,NULL,1,NULL,1,1,1,NULL,NULL,NULL,170000,1,NULL,19,1,1,1,1,3,2,3,4
454,1295,3,2,2,1424,3,NULL,1,1,1,NULL,NULL,NULL,166000,2,2380,19,1,1,1,1,3,2,3,4
626,1714,3,3,1,579,3,NULL,1,3,1,NULL,NULL,2.0,1142,2,NULL,9,8,3,1,1,3,2,3,4
410,1122,3,2,2,NULL,1,96,41,1,1,333.0,0.55,NULL,1748000,2,NULL,9,7,1,3,1,3,2,3,4
498,1423,3,2,2,13248,3,199,41,1,1,NULL,NULL,10.0,454532,2,NULL,9,12,1,3,1,3,2,3,4
1970,2689,3,2,2,NULL,1,132953,5,3,1,37.2,0.37,NULL,320000,2,NULL,9,1,1,3,1,3,2,3,4
635,1723,3,1,1,NULL,1,NULL,1,1,1,26.3,0.31,NULL,NULL,1,NULL,7,8,9,3,3,3,2,3,4
1194,1979,3,2,2,NULL,1,252,41,1,1,62.0,0.76,NULL,1648642,2,NULL,9,7,1,3,3,3,2,3,4
1195,1980,3,2,2,NULL,1,NULL,1,1,1,NULL,0.55,NULL,6204164,2,NULL,9,1,1,3,1,3,2,3,4
2097,4755,2,2,1,NULL,1,NULL,1,1,1,NULL,0.5,NULL,37000000,2,NULL,5,29,24,2,1,3,2
1196,1981,3,2,2,NULL,1,NULL,1,1,1,NULL,NULL,NULL,1108444,2,NULL,9,1,1,3,1,3,2,3,4
1790,2508,2,2,2,NULL,3,20000,7,3,4,NULL,NULL,NULL,536000,2,NULL,9,1,1,3,1,3,2,3,4
2054,2769,3,2,2,NULL,1,NULL,1,1,1,NULL,NULL,NULL,NULL,1,NULL,3,38,1,3,3,3,2,3,4
1749,2467,3,3,3,560000,3,NULL,1,3,1,NULL,0.115,NULL,NULL,2,NULL,11,1,1,1,1,3,2,3,4
1265,2036,2,3,3,NULL,1,47612,5,3,2,NULL,0.57,NULL,NULL,1,NULL,9,7,8,3,3,3,2,3,4
110,802,3,4,4,500000,1,NULL,1,1,1,8000.0,NULL,NULL,NULL,1,NULL,30,1,1,1,1,3,2,3,4
1227,2010,2,3,3,30141,3,724086,5,3,1,NULL,NULL,7.6,230020,2,NULL,29,12,18,2,2,3,2,3,4
1275,2045,3,3,3,1100000,3,17340661,5,3,1,NULL,NULL,9.1,10000000,2,NULL,8,7,12,3,3,3,2,3,4
1241,2019,3,3,3,7423,3,7008,23,3,3,NULL,0.21,17.9,132985,2,NULL,12,1,1,3,3,3,2,3,4
1251,2027,3,3,3,6145,3,79208,5,3,1,NULL,NULL,NULL,NULL,1,NULL,11,7,8,2,3,3,2,3,4
631,1719,3,3,3,300000,1,NULL,1,1,1,NULL,NULL,NULL,1350000,2,NULL,12,3,8,3,3,3,2,3,4
634,1722,3,3,3,80000,1,NULL,1,1,1,NULL,0.37,NULL,46000000,1,NULL,9,29,7,2,3,3,2,3,4
1660,2374,3,5,5,NULL,1,4123,2,3,4,618.0,NULL,NULL,1438883,2,NULL,50,12,1,3,1,3,2,3,4
1846,2564,1,3,3,NULL,3,NULL,1,3,1,NULL,NULL,NULL,NULL,2,NULL,33,14,1,3,3,3,2,3,4
1985,2704,3,2,2,160000,3,775000,5,3,2,NULL,NULL,0.31,50000,2,NULL,33,1,1,3,3,3,2,3,4
502,1427,1,2,2,18000,1,NULL,1,1,1,NULL,0.5,NULL,256300,2,NULL,12,9,1,3,1,3,2,3,4
1924,2642,1,3,3,360000,3,NULL,1,3,1,NULL,NULL,5.0,1800000,2,NULL,33,1,1,3,3,3,2,3,4
2053,2768,3,2,2,93805,3,1728,12,3,1,263.0,NULL,NULL,NULL,1,NULL,3,7,1,3,1,3,2,3,4
1786,2504,3,2,2,31077,3,143735,7,3,4,NULL,NULL,NULL,NULL,2,NULL,12,1,1,3,1,3,2,3,4
1975,2694,1,2,2,6000,3,600,2,3,1,40.7,0.1,2.0,12000,2,NULL,7,1,1,3,1,3,2,3,4
1272,2043,3,3,3,21436,3,613037,5,3,1,141.0,NULL,NULL,6600,2,NULL,7,1,1,3,1,3,2,3,4
1659,2373,3,5,5,NULL,1,446,2,3,1,31.0,NULL,NULL,127998,2,NULL,7,29,1,3,1,3,2,3,4
694,1780,1,5,5,300000,1,NULL,1,3,1,NULL,NULL,NULL,1035600,2,NULL,3,8,7,3,1,3,2,3,4
1912,2630,1,3,3,1640000,3,NULL,1,3,1,NULL,NULL,7.6,12500000,2,NULL,33,1,1,3,3,3,2,3,4
1914,2632,1,3,3,250000,3,NULL,1,3,1,NULL,NULL,4.8,1200000,2,NULL,33,1,1,3,4,3,2,3,4
1915,2633,1,3,3,721754,3,NULL,1,3,1,NULL,NULL,2.85,2057000,2,NULL,33,1,1,2,3,3,2,3,4
1916,2634,1,3,3,83000,3,NULL,1,3,1,NULL,NULL,3.0,250000,2,NULL,34,1,1,3,1,3,2,3,4
1917,2635,1,3,3,360000,3,NULL,1,3,1,NULL,NULL,5.55,2000000,2,NULL,33,1,1,3,3,3,2,3,4
1918,2636,1,3,3,400000,3,2000,12,3,2,NULL,NULL,8.0,2700000,2,NULL,33,1,1,3,3,3,2,3,4
1919,2637,1,3,3,400000,3,NULL,1,3,1,NULL,NULL,3.0,1200000,2,NULL,33,14,1,3,3,3,2,3,4
1921,2639,3,3,3,1650288,3,NULL,1,3,1,NULL,NULL,4.0,4000000,2,NULL,33,18,1,3,3,3,2,3,4
1922,2640,1,3,3,NULL,3,NULL,1,3,1,NULL,0.58,NULL,NULL,2,NULL,33,1,1,3,4,3,2,3,4
1923,2641,1,3,3,NULL,3,NULL,1,3,1,NULL,0.32,NULL,NULL,2,NULL,34,1,1,3,3,3,2,3,4
1925,2643,1,3,3,NULL,3,NULL,1,3,1,NULL,NULL,NULL,NULL,2,NULL,33,1,1,3,3,3,2,3,4
1926,2644,1,3,3,NULL,3,NULL,1,3,1,NULL,NULL,NULL,NULL,2,NULL,33,1,1,3,3,3,2,3,4
1927,2645,1,3,3,1480000,3,NULL,1,3,1,NULL,NULL,5.0,7400000,2,NULL,33,1,1,3,3,3,2,3,4
1928,2646,1,3,3,13300000,3,NULL,1,3,1,305000.0,0.61,28.0,377000000,2,NULL,33,1,1,3,3,3,2,3,4
1929,2647,1,3,3,NULL,3,NULL,1,3,1,NULL,0.2,NULL,20000000,2,NULL,44,33,1,3,3,3,2,3,4
1768,2486,2,2,2,203800,3,2814,12,3,2,767.0,NULL,3.4,693500,2,NULL,33,24,15,3,2,3,2,3,4
1836,2554,2,3,3,264000,3,NULL,1,3,1,NULL,NULL,14.0,6100000,2,NULL,33,1,1,3,3,3,2,3,4
1837,2555,2,3,3,NULL,3,NULL,1,3,1,NULL,NULL,NULL,NULL,2,NULL,33,1,1,3,2,3,2,3,4
1840,2558,2,3,3,200000,3,NULL,1,3,1,NULL,NULL,8.6,1723125,2,NULL,33,1,1,3,4,3,2,3,4
1887,2605,3,3,3,14000,3,NULL,1,3,1,NULL,NULL,NULL,NULL,2,NULL,33,1,1,2,3,3,2,3,4
1888,2606,2,3,3,3500000,3,NULL,1,3,1,NULL,NULL,9.7,34110909,2,NULL,33,1,1,3,3,3,2,3,4
1889,2607,3,3,3,755555,3,NULL,1,3,1,NULL,NULL,4.5,3400000,2,NULL,33,1,1,3,3,3,2,3,4
1890,2608,3,3,3,400000,3,NULL,1,3,1,6038.0,NULL,3.0,1200000,2,NULL,33,1,1,3,2,3,2,3,4
1813,2531,3,3,3,NULL,3,NULL,1,3,1,NULL,NULL,NULL,500000,2,NULL,33,1,1,3,3,3,2,3,4
1239,2018,2,3,3,205959,3,1856248,5,3,2,NULL,NULL,5.0,1288252,2,NULL,7,8,1,4,3,3,2,3,4
37,760,3,3,3,98124,3,944806,5,3,2,4460.0,NULL,NULL,50240,2,NULL,15,1,1,1,1,0,2,3,4
47,1157,3,1,1,NULL,1,NULL,1,1,1,2000.0,0.36,NULL,NULL,1,NULL,24,1,1,1,1,3,2,3,4
368,771,3,2,2,NULL,1,NULL,1,1,1,NULL,0.25,NULL,NULL,1,NULL,19,1,1,1,1,3,2,3,4
50,730,3,3,3,790000,3,95000,11,3,1,NULL,NULL,1.5,1200000,2,NULL,19,21,1,3,1,3,2,3,4
199,1084,3,2,2,45480,3,505000,5,3,2,NULL,0.4,NULL,NULL,1,NULL,8,1,1,1,1,3,2,3,4
202,1001,2,2,2,NULL,1,361,12,3,2,158.0,NULL,NULL,700000,2,NULL,8,1,1,1,1,3,2,3,4
203,994,2,2,2,NULL,1,145,12,3,2,58.0,NULL,NULL,147000,2,NULL,8,1,1,1,1,3,2,3,4
204,996,2,2,2,8550,3,13129,5,3,2,10.12,NULL,5.5,47025,2,NULL,8,1,1,1,1,3,2,3,4
205,991,2,2,2,NULL,1,30364,5,3,2,23.41,NULL,NULL,45858,2,NULL,8,1,1,1,1,3,2,3,4
206,1020,2,2,2,NULL,1,208,12,3,2,86.0,NULL,NULL,233400,2,NULL,8,1,1,2,3,3,2,3,4
207,1005,2,2,2,NULL,1,532,12,3,2,NULL,NULL,NULL,355000,2,NULL,8,1,1,1,1,3,2,3,4
211,1058,1,1,1,NULL,1,7575,5,3,2,6.7,NULL,5.6,NULL,1,NULL,8,1,1,1,1,3,2,3,4
214,1152,1,2,2,NULL,1,NULL,1,1,1,NULL,NULL,3.5,70000,1,NULL,8,1,1,1,1,3,2,3,4
218,1021,2,1,1,NULL,1,277691,5,3,1,NULL,NULL,NULL,NULL,1,NULL,8,1,1,1,1,3,2,3,4
222,1026,2,2,2,13146,1,155210,5,3,1,NULL,0.546,NULL,NULL,1,NULL,8,1,1,1,1,3,2,3,4
223,801,3,1,1,NULL,1,NULL,1,1,1,NULL,0.116,NULL,NULL,1,NULL,8,1,1,1,1,3,2,3,4
230,1086,3,2,2,39000,3,362,5,3,1,NULL,NULL,1.2,50000,1,NULL,8,1,1,3,1,3,2,3,4
231,666,3,2,2,7500,1,76180,5,3,1,NULL,0.75,3.3,25000,2,NULL,8,1,1,1,1,3,2,3,4
233,935,3,2,2,9394,3,122041,5,3,1,NULL,NULL,3.3,31000,2,NULL,8,1,1,1,1,3,2,3,4
240,1070,2,1,1,NULL,1,80741,5,3,1,NULL,NULL,4.2,NULL,1,NULL,8,1,1,1,1,3,2,3,4
242,1063,1,1,1,NULL,1,NULL,1,1,1,NULL,0.53,NULL,NULL,1,NULL,8,1,1,1,1,3,2,3,4
252,1090,3,1,1,NULL,1,70,12,3,1,NULL,0.15,3.0,NULL,1,NULL,8,1,1,1,1,3,2,3,4
255,1138,3,1,1,NULL,1,NULL,1,1,1,NULL,0.22,6.0,NULL,1,NULL,8,1,1,1,1,3,2,3,4
256,1145,3,2,2,64548,3,1107,12,3,1,NULL,NULL,8.1,522840,2,NULL,8,1,1,3,3,3,2,3,4
257,1146,3,2,2,848000,1,817793,5,3,1,2924.0,NULL,NULL,NULL,1,NULL,8,1,1,1,1,3,2,3,4
258,1107,3,2,2,102998,3,383688,5,3,1,NULL,0.43,1.8,184000,2,NULL,8,1,1,3,1,0,2,3,4
259,1109,3,1,1,NULL,1,177621,5,3,1,80.9,0.6024,NULL,NULL,1,NULL,8,1,1,1,1,3,2,3,4
269,1024,2,2,2,165580,3,1448,12,3,1,2966.0,NULL,4.8,807890,2,NULL,8,1,1,1,1,3,2,3,4
271,992,2,2,2,82265,3,30,12,3,1,NULL,NULL,1.2,100000,2,NULL,8,1,1,3,3,3,2,3,4
288,1177,3,1,1,NULL,1,1046,5,3,2,1224.0,0.31,NULL,NULL,1,NULL,8,1,1,1,1,3,2,3,4
294,881,3,2,2,18571,3,NULL,1,1,1,447.3,0.29,6.0,111426,2,NULL,8,1,1,1,1,3,2,3,4
303,1007,2,2,2,38000,3,176,12,3,2,NULL,NULL,6.58,250000,2,NULL,8,1,1,3,1,3,2,3,4
307,1009,2,1,1,NULL,1,9191,5,3,1,NULL,0.56,NULL,NULL,1,NULL,8,1,1,1,1,3,2,3,4
316,1030,2,1,1,NULL,1,1371,12,3,2,NULL,NULL,NULL,NULL,1,NULL,8,1,1,1,1,3,2,3,4
322,1003,2,2,2,280000,1,NULL,1,1,2,NULL,0.26,NULL,NULL,1,NULL,8,1,1,1,1,3,2,3,4
326,1023,2,2,2,11020,1,64620,5,3,2,NULL,NULL,3.8,42000,2,NULL,8,1,1,1,1,3,2,3,4
329,983,2,1,1,NULL,1,210300,5,3,2,138.0,NULL,NULL,NULL,1,NULL,8,1,1,1,1,3,2,3,4
330,1018,2,1,1,NULL,1,358655,5,3,1,179.33,0.43,NULL,NULL,1,NULL,8,1,1,1,1,3,2,3,4
333,981,2,1,1,NULL,1,1232,12,3,1,1109.5,NULL,NULL,NULL,1,NULL,8,1,1,1,1,3,2,3,4
103,674,3,3,3,10274,3,NULL,1,1,1,35.0,NULL,0.38,3924,2,NULL,12,1,1,1,1,3,2,3,4
519,1472,3,2,2,10000,1,NULL,1,1,1,NULL,NULL,NULL,NULL,1,NULL,17,15,1,1,1,3,2,3,4
695,1781,3,3,3,63200,1,NULL,1,1,1,1581.0,NULL,NULL,NULL,1,NULL,8,1,1,1,1,3,2,3,4
1580,2294,3,3,3,7957,3,948,11,3,1,NULL,NULL,0.38,9686,2,NULL,19,11,8,1,1,3,2,3,4
1841,2559,2,3,3,6200,3,NULL,1,3,2,NULL,0.44,1.9,12000,2,NULL,16,1,1,1,1,3,2,3,4
227,997,2,2,2,24795,1,435200,5,3,2,NULL,0.85,NULL,NULL,1,NULL,8,1,1,1,1,3,2,3,4
304,1029,2,1,1,NULL,1,40516,5,3,1,NULL,0.35,NULL,NULL,1,NULL,8,1,1,1,1,3,2,3,4
309,985,2,2,2,6989,3,NULL,1,1,1,NULL,NULL,NULL,NULL,1,NULL,8,1,1,1,1,3,2,3,4
660,1748,3,3,3,78490,1,1486,11,3,1,NULL,0.18,NULL,NULL,1,NULL,21,13,8,3,3,3,2,3,4
665,1753,3,3,3,11500000,1,NULL,1,1,1,NULL,0.3,NULL,NULL,1,NULL,15,11,14,3,3,3,2,3,4
1490,2204,3,6,6,1700000,3,NULL,1,1,1,16000.0,NULL,7.0,12000000,2,NULL,33,9,8,3,3,3,2,3,4
604,1692,2,3,3,40000,3,NULL,1,3,1,350.0,NULL,4.7,187500,2,NULL,8,9,7,3,1,3,2,3,4
1303,2079,2,3,3,10000000,3,60000000,5,3,2,26000.0,NULL,NULL,NULL,1,NULL,8,1,1,3,1,3,2,3,4
882,1932,2,3,3,1471300,3,75347,11,3,1,NULL,NULL,5.2,7693007,2,NULL,17,8,1,1,1,3,2,3,4
879,1932,2,3,3,592935,3,49863,11,3,1,NULL,NULL,7.7,4564542,2,NULL,8,7,1,1,1,3,2,3,4
880,1932,2,3,3,1243261,3,51085,11,3,1,NULL,NULL,5.4,6665175,2,NULL,8,1,1,3,2,3,2,3,4
876,1932,2,3,3,434895,3,13236,11,3,1,NULL,NULL,7.5,3240937,2,NULL,7,1,1,1,1,3,2,3,4
870,1932,2,3,3,849480,3,50377,11,3,1,NULL,NULL,5.7,4851805,2,NULL,7,8,1,3,1,3,2,3,4
869,1932,2,3,3,408012,3,33902,11,3,1,NULL,NULL,9.0,3670524,2,NULL,7,8,1,3,1,3,2,3,4
845,1932,2,3,3,283281,3,149409,11,3,1,NULL,NULL,0.45,2426150,2,NULL,7,8,1,3,1,3,2,3,4
355,650,3,2,2,150000,1,4000,12,3,1,2800.0,NULL,NULL,NULL,1,NULL,15,1,1,1,1,3,2,3,4
381,695,3,2,2,29690,3,1988,12,3,1,NULL,0.19,3.8,113500,2,NULL,15,1,1,1,1,3,2,3,4
1572,2286,3,3,3,168000,3,2097,12,3,2,NULL,NULL,0.66,134000,2,NULL,15,1,1,1,1,3,2,3,4
1901,2619,3,3,3,207811,3,NULL,1,3,1,NULL,NULL,NULL,NULL,2,NULL,15,1,1,1,1,3,2,3,4
1943,2661,3,3,3,71000,3,475,12,3,2,NULL,0.1,2.2,168833,2,NULL,16,1,1,1,1,3,2,3,4
1945,2663,3,3,3,207500,3,2810,12,3,1,NULL,NULL,1.1,233000,2,NULL,16,1,1,1,1,3,2,3,4
39,651,3,2,2,36900,3,575,12,3,1,32.3,NULL,7.3,270000,2,NULL,7,25,1,1,1,3,2,3,4
116,817,3,4,4,147000,3,1440,12,3,1,1908.0,0.29,2.4,350000,2,NULL,11,1,1,1,1,3,2,3,4
152,667,3,3,3,39280,3,1240976,5,2,1,NULL,NULL,0.77,30300,1,NULL,11,1,1,1,1,3,2,3,4
674,1762,3,3,3,55000,1,NULL,1,1,1,NULL,0.25,NULL,55000,1,NULL,12,11,15,1,1,3,2,3,4
855,1941,3,3,3,42000,1,22000,11,3,1,NULL,0.058,NULL,NULL,1,NULL,17,1,1,1,1,3,2,3,4
581,1603,3,7,7,140000,3,40000,5,3,1,NULL,NULL,0.41,50000,2,NULL,11,1,1,3,1,3,2,3,4
143,952,3,3,3,875000,3,93000,11,3,1,NULL,NULL,0.2,180000,2,NULL,12,24,1,1,1,3,2,3,4
1663,2377,3,5,5,NULL,1,2989,2,3,1,180.0,NULL,NULL,326065,2,NULL,24,22,4,1,1,3,2,3,4
1950,2669,3,2,2,3400,3,NULL,1,1,2,0.8,0.5,5.0,17000,2,NULL,8,1,1,1,1,3,2,3,4
813,1899,2,3,3,162299,3,10241,11,3,1,1808.0,NULL,9.6,1552087,2,NULL,8,7,12,1,1,3,2,3,4
827,1913,2,3,3,NULL,1,4000,11,3,1,NULL,NULL,NULL,NULL,1,NULL,9,8,15,1,1,3,2,3,4
1225,2008,3,3,3,307000,3,4400000,5,3,2,NULL,0.6,2.0,819000,2,NULL,8,1,1,3,1,3,2,3,4
1243,2020,2,3,3,30081,3,NULL,1,1,1,NULL,NULL,NULL,99681,2,NULL,7,24,45,1,2,3,2,3,4
1264,2035,3,3,3,42000,3,NULL,1,1,1,NULL,0.27,NULL,25000000,2,NULL,7,9,8,2,3,3,2,3,4
1269,2040,3,3,3,80000,3,1247832,5,3,2,NULL,NULL,NULL,NULL,1,NULL,8,1,1,3,3,3,2,3,4
1271,2042,3,3,3,9256,3,252076,5,3,1,NULL,NULL,9.4,87000,2,NULL,8,7,12,2,1,3,2,3,4
849,1935,2,3,3,1370000,2,NULL,1,1,1,NULL,NULL,5.0,964714,2,NULL,8,1,1,3,3,3,2,3,4
700,1786,2,3,3,NULL,1,NULL,1,1,1,NULL,0.27,NULL,10700000,2,NULL,8,45,7,2,2,3,2,3,4
1450,2168,3,3,3,228387,3,NULL,1,1,1,721.0,0.48,NULL,23000000,2,NULL,9,8,7,2,1,3,2,3,4
613,1701,2,3,3,6070,3,88726,5,3,2,NULL,0.5,1.7,15060,2,NULL,8,1,1,3,1,3,2,3,4
1421,2139,2,4,4,165100,3,5740,2,3,1,448.0,NULL,7.0,1155700,2,NULL,7,8,12,3,1,3,2,3,4
1791,2509,2,2,2,152400,3,NULL,1,3,2,NULL,NULL,5.8,863950,2,55825,8,1,1,3,1,3,2,3,4
1484,2198,3,6,6,NULL,1,NULL,1,1,1,NULL,NULL,NULL,NULL,1,NULL,7,8,33,3,2,3,2,3,4
606,1694,1,3,3,285000,3,NULL,1,3,1,NULL,NULL,7.4,2100000,2,NULL,8,14,1,3,1,3,2,3,4
1780,2498,1,2,2,20000,3,NULL,1,3,1,NULL,NULL,1.0,20000,2,NULL,7,8,1,3,1,3,2,3,4
1458,2176,1,3,3,1300000,3,NULL,1,1,1,NULL,0.2,NULL,NULL,2,NULL,7,8,1,3,1,3,2,3,4
1280,2056,2,3,3,NULL,1,1070,12,2,2,800.0,NULL,NULL,500000,2,NULL,45,8,1,1,1,3,2,3,4
55,744,3,3,3,360000,3,45000,11,3,3,NULL,0.111,0.1,28000,2,NULL,12,1,1,1,1,3,2,3,4
1566,2280,3,3,3,255000,3,42120,11,3,3,NULL,NULL,0.6,138075,2,NULL,21,1,1,1,1,3,2,3,4
162,901,3,3,3,3875424,3,248183,15,3,3,727176.0,NULL,3.5,42200000,2,NULL,12,19,17,1,1,3,2,3,4
1752,2470,3,3,3,528400,3,50070,11,3,3,NULL,0.2,1.8,820000,2,NULL,21,24,11,1,1,3,2,3,4
539,1492,3,7,7,4742000,3,NULL,1,1,1,NULL,NULL,0.55,2612000,2,NULL,12,11,8,3,1,3,2,3,4
163,902,3,3,3,75000,3,3000,12,3,2,1854.0,NULL,2.3,175000,2,NULL,24,17,19,3,1,3,2,3,4
546,1499,3,1,1,NULL,1,NULL,1,1,1,NULL,0.026,NULL,NULL,1,NULL,19,1,1,1,1,3,2,3,4
149,863,3,3,3,161678,3,NULL,1,1,1,1421.0,NULL,1.67,26753,2,17226,19,1,1,3,1,3,2,3,4
591,1613,3,7,7,8440,3,1920,5,3,2,NULL,NULL,3.0,25000,1,NULL,15,1,1,3,1,3,2,3,4
767,1853,3,5,5,NULL,1,7372,2,3,4,NULL,NULL,NULL,305100,2,NULL,12,21,1,3,1,3,2,3,4
14,813,3,2,2,19080,3,501,12,3,1,22.4,NULL,2.3,44000,2,NULL,17,15,1,1,1,3,2,3,4
583,1605,3,7,7,2840000,3,113000,15,3,9,NULL,NULL,0.5,120000,2,NULL,17,1,1,3,1,3,2,3,4
1424,2142,3,4,4,59893,3,2376,2,3,1,692.0,NULL,4.0,240000,2,NULL,8,7,1,3,1,3,2,3,4
1481,2195,1,6,6,4400000,3,NULL,1,1,1,3000.0,NULL,NULL,NULL,1,NULL,12,3,8,3,1,3,2,3,4
1954,2673,2,2,2,NULL,1,NULL,1,1,1,NULL,NULL,NULL,3700000,2,NULL,9,7,29,2,1,3,2,3,4
1964,2683,1,2,2,17000,3,171,12,3,2,145.0,NULL,NULL,1615000,2,NULL,9,8,29,2,1,3,2,3,4
1897,2615,3,3,3,18000,3,NULL,1,3,1,NULL,NULL,2.5,45000,2,NULL,34,1,1,1,1,3,2,3,4
1937,2655,3,3,3,58300,3,NULL,1,3,1,NULL,NULL,NULL,274602,2,NULL,32,24,1,3,2,3,2,3,4
2102,4757,2,2,1,60480,3,27692,5,4,3,NULL,0.48,5.5,330000,2,NULL,30,24,1,3,1,3,2
1430,2148,1,4,4,NULL,3,NULL,1,1,1,NULL,0.45,3.0,NULL,2,NULL,8,7,1,1,1,3,2,3,4
1563,2277,2,3,3,18735,3,254,12,3,2,114.0,NULL,53.0,994809,2,NULL,14,1,1,3,1,3,2,3,4
1420,2138,2,4,4,12690000,3,5740,2,3,1,160000.0,NULL,7.0,88830000,2,NULL,7,33,8,3,2,3,2,3,4
1431,2149,3,4,4,69393,3,4372,2,3,2,1275.0,NULL,5.0,346965,2,NULL,7,3,1,3,1,3,2,3,4
1423,2141,1,4,4,2000000,3,37401,2,1,1,10600.0,NULL,NULL,NULL,2,NULL,14,1,1,1,1,3,2,3,4
58,857,3,2,2,76000,3,1050,12,3,2,105.0,0.6,2.2,165000,2,NULL,8,1,1,3,1,3,2,3,4
275,844,3,2,2,89319,3,758727,5,3,1,NULL,0.45,NULL,NULL,1,NULL,8,1,1,1,1,3,2,3,4
1770,2488,2,2,2,6395,3,NULL,1,3,1,NULL,NULL,NULL,70900,2,NULL,13,1,1,3,1,3,2,3,4
386,694,3,2,2,550000,3,15000,12,3,1,NULL,0.02,5.0,2750000,2,NULL,3,1,1,1,1,3,2,3,4
391,845,3,2,2,280000,3,6000,12,3,1,2300.0,NULL,3.0,840000,2,NULL,3,1,1,3,1,3,2,3,4
115,799,3,4,4,900000,1,NULL,1,1,1,17000.0,NULL,NULL,NULL,1,NULL,33,17,1,3,3,3,2,3,4
59,912,3,2,2,247600,2,2588,12,3,2,NULL,NULL,0.95,236000,2,NULL,15,3,1,3,1,3,2,3,4
2051,2766,3,2,2,NULL,1,NULL,1,1,1,NULL,NULL,NULL,NULL,1,NULL,3,19,1,1,1,3,2,3,4
2057,2772,3,2,2,NULL,1,155,14,3,1,NULL,NULL,NULL,NULL,1,NULL,3,1,1,3,1,3,2,3,4
2059,2773,3,2,2,NULL,1,72,14,3,1,NULL,NULL,NULL,NULL,1,NULL,3,1,1,1,1,3,2,3,4
2058,2772,3,2,2,NULL,1,220,14,3,1,NULL,NULL,NULL,NULL,1,NULL,3,12,11,3,1,3,2,3,4
2060,2773,3,2,2,NULL,1,327,14,3,1,NULL,NULL,NULL,NULL,1,NULL,3,7,1,3,1,3,2,3,4
2061,2773,3,2,2,NULL,1,93,14,3,1,NULL,NULL,NULL,NULL,1,NULL,3,12,1,3,1,3,2,3,4
2062,2773,3,2,2,NULL,1,35,14,3,1,NULL,NULL,NULL,NULL,1,NULL,3,1,1,3,1,3,2,3,4
2063,2773,3,2,2,NULL,1,50,14,3,1,NULL,NULL,NULL,NULL,1,NULL,3,1,1,3,1,3,2,3,4
2064,2773,3,2,2,NULL,1,129,14,3,1,NULL,NULL,NULL,NULL,1,NULL,3,1,1,3,1,3,2,3,4
2066,2774,3,2,2,NULL,1,5,14,3,1,NULL,NULL,NULL,NULL,1,NULL,3,1,1,3,1,3,2,3,4
1664,2378,3,5,5,NULL,1,NULL,1,3,1,NULL,NULL,NULL,12324,2,NULL,3,1,1,3,1,3,2,3,4
1730,2444,3,5,5,NULL,1,NULL,1,1,1,NULL,NULL,NULL,2668,2,NULL,7,1,1,1,1,3,2,3,4
1678,2392,3,5,5,NULL,1,NULL,1,3,1,NULL,NULL,NULL,152811,2,NULL,19,1,1,3,1,3,2,3,4
1753,2471,3,3,3,2500000,3,NULL,1,3,1,NULL,NULL,NULL,NULL,2,NULL,3,19,1,3,1,3,2,3,4
385,941,3,1,1,NULL,1,NULL,1,1,1,NULL,NULL,NULL,NULL,1,NULL,3,1,1,1,1,3,2,3,4
668,1756,3,3,3,2000000,1,28007620,5,3,1,NULL,NULL,NULL,NULL,1,NULL,3,11,1,1,1,3,2,3,4
648,1736,3,1,1,NULL,1,8,34,2,1,NULL,NULL,NULL,NULL,1,NULL,19,1,1,1,1,3,2,3,4
2076,2785,3,2,2,NULL,3,50,34,3,6,NULL,0.3,NULL,NULL,2,NULL,3,1,1,1,1,3,2,3,4
689,1775,3,5,5,3200000,1,NULL,1,3,1,38000.0,NULL,NULL,127000,2,NULL,19,1,1,1,1,3,2,3,4
673,1761,3,3,3,250000,1,9290,12,3,1,NULL,0.149,NULL,NULL,1,NULL,21,17,3,1,1,3,2,3,4
2098,4756,2,2,1,NULL,1,NULL,1,1,1,NULL,0.25,NULL,NULL,1,NULL,7,24,1,3,1,3,2
2096,4754,2,1,1,NULL,1,NULL,1,1,1,NULL,NULL,NULL,NULL,1,NULL,2,3,1,1,1,3,2
1288,2064,2,3,3,12900000,3,870,3,3,1,NULL,NULL,7.0,90600000,2,NULL,7,1,1,1,1,3,2,3,4
1979,2698,3,2,2,9600000,3,182,3,3,1,70806.0,0.11,0.48,4565000,2,NULL,14,24,18,3,1,3,2,3,4
756,1842,3,4,4,1400000,3,NULL,1,3,1,62000.0,NULL,1.1,1560000,1,NULL,15,12,11,1,1,3,2,3,4
762,1848,3,4,4,946000,3,NULL,1,3,1,11597.0,NULL,0.9,840028,2,NULL,21,16,11,3,1,3,2,3,4
1987,2706,3,2,2,165689,3,2173700,5,3,2,1351.0,0.33,0.16,26970,2,NULL,3,8,9,1,1,3,2,3,4
693,1779,1,5,5,42000,3,NULL,1,1,1,NULL,0.04,3.5,146000,2,NULL,3,1,1,1,1,3,2,3,4
93,751,3,1,1,NULL,1,NULL,1,1,1,NULL,0.27,NULL,NULL,1,NULL,3,1,1,1,1,3,2,3,4
1369,2127,3,2,2,NULL,1,NULL,1,1,1,NULL,0.1,NULL,NULL,1,NULL,54,1,1,1,1,3,2,3,4
646,1734,3,1,1,NULL,1,NULL,1,1,1,NULL,0.14,NULL,NULL,1,NULL,54,1,1,1,1,3,2,3,4
534,1487,3,7,7,1036000,3,288000,5,3,2,NULL,NULL,0.16,200000,2,NULL,21,1,1,1,1,3,2,3,4
850,1936,3,3,3,2900000,3,611207,11,3,1,NULL,NULL,2.1,61000000,2,NULL,24,19,1,1,1,3,2,3,4
1686,2400,3,5,5,NULL,1,112268,2,3,4,7977.0,0.3,NULL,4999885,2,NULL,21,24,1,3,1,3,2,3,4
769,1855,3,5,5,NULL,1,1181,2,3,4,87.0,NULL,NULL,138212,2,NULL,17,24,1,1,1,3,2,3,4
778,1864,3,5,5,NULL,1,8313,2,3,4,646.0,NULL,NULL,861154,2,NULL,19,25,1,3,1,3,2,3,4
1649,2363,3,5,5,NULL,1,2147,2,3,1,150.0,NULL,NULL,412090,2,NULL,25,19,1,3,1,3,2,3,4
562,1515,3,2,2,28050,3,935,12,3,3,NULL,NULL,2.5,70000,2,NULL,24,1,1,3,1,3,2,3,4
760,1846,3,4,4,19360,3,NULL,1,3,1,2211.0,NULL,1.2,23500,2,NULL,21,1,1,3,1,3,2,3,4
135,757,3,3,3,441678,1,NULL,1,1,1,32159.0,NULL,NULL,16667,2,NULL,21,11,1,3,1,3,2,3,4
140,774,3,5,5,2500000,1,NULL,1,1,1,24900.0,NULL,NULL,NULL,1,NULL,24,1,1,1,1,3,2,3,4
119,824,3,3,3,3000,1,NULL,1,1,1,NULL,0.32,NULL,NULL,1,NULL,19,8,1,1,1,3,2,3,4
570,1592,3,2,2,15333,3,NULL,1,1,1,NULL,NULL,NULL,NULL,1,NULL,3,1,1,3,3,3,2,3,4
1219,2004,3,3,3,29000,3,417328,5,3,2,NULL,0.354,2.8,175034,2,NULL,19,1,1,3,3,3,2,3,4
522,1475,3,7,7,1113000,3,480,12,3,2,NULL,NULL,2.5,2800000,2,NULL,20,1,1,3,3,3,2,3,4
710,1796,3,1,1,NULL,1,9278600,5,3,2,NULL,NULL,NULL,NULL,1,NULL,8,11,1,3,3,3,2,3,4
1610,2324,3,5,5,NULL,1,NULL,1,1,1,10258.0,NULL,NULL,15840006,2,NULL,19,33,44,2,3,3,2,3,4
1223,2006,3,3,3,2000000,3,44000000,5,3,2,NULL,NULL,2.35,9200000,2,NULL,15,16,11,3,1,3,2,3,4
1615,2329,3,5,5,NULL,1,58562,2,3,1,95.0,NULL,NULL,493444,2,NULL,19,1,1,3,1,3,2,3,4
738,1824,3,7,7,43360000,1,NULL,1,3,1,NULL,0.7,1.08,4490000,2,NULL,19,15,1,3,1,3,2,3,4
657,1745,3,12,12,1879500,3,60100,2,3,1,NULL,NULL,4.0,7468000,2,NULL,21,24,30,3,1,3,2,3,4
1205,1990,3,2,2,NULL,1,NULL,1,1,1,NULL,NULL,NULL,839246,2,NULL,3,19,1,1,1,3,2,3,4
727,1813,3,7,7,9100000,3,NULL,1,1,1,NULL,NULL,0.6,5000000,2,NULL,21,20,1,3,1,3,2,3,4
168,909,3,5,5,281300,3,48679,2,3,1,3500.0,0.02,0.53,150000,2,NULL,19,1,1,3,1,3,2,3,4
1192,1977,3,2,2,NULL,1,NULL,1,1,1,NULL,NULL,NULL,952000,2,NULL,19,1,1,2,1,3,2,3,4
1213,1998,3,2,2,NULL,1,NULL,1,1,1,NULL,NULL,NULL,682254,2,NULL,19,1,1,2,1,3,2,3,4
1608,2322,3,5,5,NULL,1,562176,2,3,1,2.0,NULL,NULL,543400,2,NULL,54,1,1,3,1,3,2,3,4
1216,2001,3,2,2,NULL,1,NULL,1,1,1,NULL,NULL,NULL,2700000,2,NULL,19,1,1,3,1,3,2,3,4
447,1283,3,2,2,15337,3,NULL,1,1,1,300.0,NULL,7.0,107365,1,NULL,19,1,1,2,1,3,2,3,4
449,1285,3,2,2,NULL,1,3300,7,3,4,9.0,NULL,NULL,2000,2,NULL,19,1,1,2,1,3,2,3,4
1511,2225,3,5,5,NULL,1,NULL,1,1,1,NULL,NULL,NULL,205619,2,NULL,19,25,1,3,1,3,2,3,4
36,829,3,1,1,NULL,1,NULL,1,1,1,NULL,0.69,NULL,NULL,1,NULL,19,1,1,1,1,3,2,3,4
56,741,3,5,5,1832066,3,53,3,1,2,NULL,NULL,1.1,1868730,2,NULL,11,1,1,3,1,3,2,3,4
1894,2612,3,3,3,180000,3,7400,12,3,2,NULL,0.16,0.5,80000,2,NULL,11,1,1,1,1,3,2,3,4
1255,2033,3,3,3,29799,3,590490,5,3,2,224.0,NULL,4.9,146009,2,NULL,14,8,1,4,3,3,2,3,4
137,758,3,3,3,417981,3,NULL,1,1,1,30906.0,NULL,0.05,24727,2,NULL,21,11,1,3,1,3,2,3,4
1353,2111,3,2,2,NULL,1,NULL,1,1,1,NULL,NULL,NULL,NULL,1,NULL,19,18,24,3,1,3,2,3,4
1820,2538,3,3,3,280000,3,3200,12,3,2,NULL,NULL,1.2,350000,2,NULL,16,1,1,3,1,3,2,3,4
1838,2556,2,3,3,9620,3,37,12,3,2,NULL,0.15,1.7,16000,2,NULL,16,1,1,1,1,3,2,3,4
761,1847,3,4,4,4000,1,NULL,1,3,1,50.0,NULL,NULL,NULL,1,NULL,16,1,1,1,1,3,2,3,4
530,1483,3,7,7,637000,3,NULL,1,1,1,NULL,NULL,0.58,370000,2,NULL,16,14,1,3,1,3,2,3,4
1286,2062,2,3,3,2660000,3,4750,12,3,1,NULL,0.27,1.9,5300000,2,NULL,30,16,1,1,1,3,2,3,4
649,1737,3,1,1,NULL,1,1400,12,3,1,NULL,NULL,NULL,NULL,1,NULL,18,19,1,1,1,3,2,3,4
1754,2472,3,3,3,103736,3,3350000,5,3,2,NULL,0.12,0.0,NULL,2,NULL,18,1,1,3,1,3,2,3,4
12,767,3,2,2,105000,3,NULL,1,1,1,NULL,NULL,0.3,31500,2,NULL,15,1,1,3,3,3,2,3,4
2069,2778,3,2,2,NULL,3,NULL,1,3,1,NULL,0.17,NULL,10000000,2,NULL,3,1,1,3,1,3,2,3,4
698,1784,3,3,3,64000,1,1400000,5,3,1,NULL,NULL,NULL,NULL,1,NULL,8,1,1,3,3,3,2,3,4
707,1793,3,3,3,27600,1,1272000,5,3,1,NULL,NULL,NULL,NULL,1,NULL,8,1,1,3,3,3,2,3,4
630,1718,3,3,3,925,3,30850,5,3,2,NULL,NULL,4.9,4533,2,NULL,8,1,1,3,3,3,2,3,4
585,1607,3,7,7,26600,1,7603,5,3,2,NULL,0.15,2.23,60000,2,NULL,8,1,1,3,1,3,2,3,4
1451,2169,3,3,3,1807,3,NULL,1,1,1,NULL,0.14,1.2,12610,2,NULL,8,7,1,3,3,3,2,3,4
1555,2269,3,3,3,1155,3,NULL,1,1,1,NULL,NULL,1.4,7280,2,NULL,8,1,1,3,3,3,2,3,4
1775,2493,2,2,2,NULL,3,72850,5,3,2,NULL,NULL,NULL,43550,2,NULL,8,1,1,3,1,3,2,3,4
1794,2512,3,2,2,11250,3,150,12,3,2,NULL,NULL,11.2,125675,2,NULL,8,3,1,3,1,3,2,3,4
1553,2267,3,3,3,1800,3,NULL,1,1,1,NULL,NULL,1.0,4250,2,NULL,8,1,1,1,1,3,2,3,4
691,1777,2,5,5,305870,3,27166,2,3,1,NULL,NULL,5.6,2100000,2,NULL,8,7,29,3,1,3,2,3,4
1560,2274,2,3,3,25251,3,414,12,3,2,185.0,NULL,23.4,592548,2,NULL,8,1,1,3,1,3,2,3,4
1605,2319,1,3,3,15733,3,98331,5,3,2,90.0,0.32,NULL,NULL,2,NULL,8,1,1,3,1,3,2,3,4
1224,2007,3,3,3,NULL,1,6816844,5,3,1,NULL,NULL,NULL,568419,2,131321,25,21,1,4,1,3,2,3,4
1262,2034,3,3,3,112770,3,285194,5,3,2,NULL,NULL,NULL,1686720,2,NULL,12,7,9,3,1,3,2,3,4
731,1817,3,7,7,150000,3,NULL,1,3,2,NULL,NULL,1.3,175000,2,NULL,19,1,1,3,1,3,2,3,4
614,1702,2,3,3,308000,3,3160,12,3,2,NULL,NULL,13.0,4000000,2,NULL,12,8,1,3,1,3,2,3,4
1210,1995,2,2,2,NULL,1,NULL,1,1,1,NULL,NULL,NULL,8832692,2,NULL,9,29,1,2,1,3,2,3,4
600,1688,2,3,3,56000,3,NULL,1,3,1,NULL,NULL,9.6,540000,2,NULL,46,8,1,3,3,3,2,3,4
1802,2520,1,2,2,NULL,3,42000,5,3,2,NULL,NULL,NULL,337150,2,NULL,12,1,1,3,1,3,2,3,4
704,1790,2,3,3,40000000,1,NULL,2,2,1,2400000.0,NULL,NULL,NULL,1,NULL,12,33,1,3,3,3,2,3,4
1773,2491,2,2,2,NULL,3,500,12,3,4,NULL,NULL,NULL,322500,2,NULL,12,18,1,3,1,3,2,3,4
1475,2189,3,2,2,NULL,1,NULL,1,1,1,1580.0,NULL,20.0,1450000,2,8100,38,1,1,4,1,3,2,3,4
1476,2190,3,2,2,NULL,1,NULL,1,1,1,30.0,NULL,NULL,156000,2,NULL,38,1,1,4,1,3,2,3,4
1951,2670,2,2,2,210000,3,NULL,1,1,1,3800.0,NULL,10.0,2100000,2,355000,38,1,1,4,1,3,2,3,4
21,684,3,1,1,NULL,1,NULL,1,1,1,NULL,NULL,NULL,NULL,1,NULL,38,1,1,1,1,3,2,3,4
177,1045,2,2,2,60000,3,900,12,3,1,200.0,0.16,1.0,30000,2,30000,38,45,1,1,2,3,2,3,4
388,822,3,1,2,1216000,3,110500,12,3,3,22200.0,0.85,5.3,6512000,2,NULL,38,1,1,3,1,3,2,3,4
390,652,3,2,2,4000,3,116,12,3,1,25.0,NULL,15.0,98243,2,NULL,38,1,1,1,1,3,2,3,4
379,812,3,2,2,75170,3,1200,15,3,9,4000.0,NULL,7.0,876973,2,NULL,38,1,1,3,3,3,2,3,4
398,1121,3,2,2,NULL,1,1000,14,3,3,2500.0,0.22,NULL,3916000,2,NULL,38,1,1,3,3,3,2,3,4
399,1071,2,2,2,NULL,1,1100,14,3,1,4164.0,NULL,NULL,2066000,2,582000,38,1,1,2,1,3,2,3,4
400,647,3,2,2,NULL,1,1950,14,3,4,6390.0,NULL,NULL,2350000,2,1099525,38,1,1,2,1,0,2,3,4
401,819,3,2,2,15000,3,40,14,3,8,130.0,NULL,8.0,132850,2,NULL,38,1,1,3,1,3,2,3,4
402,1040,2,2,2,NULL,1,1150,14,3,3,2750.0,NULL,NULL,3000000,2,708000,38,50,1,3,1,3,2,3,4
403,1036,2,2,2,NULL,1,4420,14,3,1,8530.0,0.3,NULL,4605000,2,2044220,38,1,1,3,1,3,2,3,4
404,1032,2,2,2,NULL,1,107,14,3,1,341.0,NULL,NULL,650000,2,NULL,38,1,1,2,1,3,2,3,4
405,884,3,2,2,62000,3,420,12,3,2,1370.0,NULL,11.3,700000,2,NULL,38,1,1,3,3,3,2,3,4
406,1043,2,2,2,93850,1,300,14,3,1,1000.0,0.16,NULL,1754549,2,188604,38,1,1,2,1,3,2,3,4
407,1033,2,2,2,NULL,1,575,14,3,3,1380.0,NULL,NULL,1155000,2,NULL,38,1,1,3,1,3,2,3,4
408,1153,2,2,2,NULL,1,415,14,3,8,1000.0,NULL,NULL,2837000,2,279840,38,1,1,3,1,3,2,3,4
409,1046,2,2,2,NULL,1,7673,14,3,1,19870.0,NULL,NULL,3400000,2,3566853,38,33,1,2,1,3,2,3,4
107,638,3,5,5,NULL,1,2328,2,3,4,164.0,NULL,NULL,NULL,1,NULL,38,1,1,3,1,3,2,3,4
446,1272,3,2,2,NULL,1,18000,7,1,4,NULL,NULL,NULL,116658,2,NULL,38,1,1,2,1,3,2,3,4
1609,2323,3,5,5,NULL,1,1468130,2,3,1,200.0,NULL,NULL,178651,2,NULL,38,1,1,3,1,3,2,3,4
1465,2181,2,2,2,NULL,1,NULL,1,1,1,180.0,NULL,NULL,1032390,2,34500,12,50,1,4,1,3,2,3,4
1959,2678,2,2,2,NULL,1,20000,12,3,2,2000.0,NULL,NULL,11000000,2,NULL,38,50,1,3,2,3,2,3,4
1962,2681,2,2,2,NULL,1,5500,14,3,1,35000.0,NULL,24.0,20000000,2,NULL,50,38,45,1,2,3,2,3,4
1729,2443,3,5,5,NULL,1,NULL,1,1,1,NULL,NULL,NULL,32300,2,NULL,38,1,1,3,1,3,2,3,4
808,1894,3,5,5,NULL,1,11761,2,3,4,55527.0,NULL,NULL,10901777,2,NULL,38,17,1,3,3,3,2,3,4
1478,2192,3,6,6,1140,3,NULL,1,1,1,NULL,NULL,3.0,3420,2,NULL,38,1,1,3,1,3,2,3,4
1763,2481,3,3,3,4500000,3,NULL,1,3,1,NULL,NULL,NULL,NULL,2,2600000,32,1,1,3,4,3,2,3,4
1314,2092,3,2,2,NULL,1,NULL,1,1,1,NULL,NULL,NULL,NULL,1,NULL,32,1,1,1,2,3,2,3,4
1315,2092,3,2,2,NULL,1,NULL,1,1,1,NULL,NULL,NULL,NULL,1,NULL,32,1,1,1,2,3,2,3,4
1319,2092,3,2,2,NULL,1,NULL,1,1,1,NULL,NULL,NULL,NULL,1,NULL,32,1,1,1,2,3,2,3,4
1321,2090,3,2,2,NULL,1,NULL,1,1,1,NULL,NULL,NULL,NULL,1,NULL,32,1,1,1,2,3,2,3,4
1322,2091,3,2,2,NULL,1,NULL,1,1,1,9600.0,NULL,NULL,NULL,1,NULL,32,1,1,1,2,3,2,3,4
1323,2091,3,2,2,NULL,1,NULL,1,1,1,9600.0,NULL,NULL,NULL,1,NULL,32,1,1,1,2,3,2,3,4
1324,2091,3,2,2,NULL,1,NULL,1,1,1,NULL,NULL,NULL,NULL,1,NULL,32,1,1,1,2,3,2,3,4
1325,2093,3,2,2,NULL,1,NULL,1,1,1,NULL,NULL,NULL,NULL,1,NULL,32,1,1,1,2,3,2,3,4
1326,2093,3,2,2,NULL,1,NULL,1,1,1,NULL,NULL,NULL,NULL,1,NULL,32,1,1,1,2,3,2,3,4
1327,2093,3,2,2,NULL,1,NULL,1,1,1,NULL,NULL,NULL,NULL,1,NULL,32,1,1,1,2,3,2,3,4
1316,2094,3,2,2,NULL,1,390037,14,2,1,6715.0,NULL,NULL,NULL,1,NULL,32,1,1,2,2,3,2,3,4
1328,2095,3,2,2,NULL,1,NULL,1,1,1,NULL,NULL,NULL,57500000,2,NULL,32,1,1,2,2,3,2,3,4
1330,2097,3,2,2,NULL,1,NULL,1,1,1,NULL,NULL,NULL,NULL,1,NULL,32,1,1,1,2,3,2,3,4
1331,2097,3,2,2,NULL,1,NULL,1,1,1,NULL,NULL,NULL,NULL,1,NULL,32,1,1,1,2,3,2,3,4
1332,2098,3,2,2,NULL,1,NULL,1,1,1,NULL,NULL,NULL,NULL,1,NULL,32,1,1,1,2,3,2,3,4
1333,2097,3,2,2,NULL,1,NULL,1,1,1,NULL,NULL,NULL,NULL,1,NULL,32,1,1,1,2,3,2,3,4
1335,2097,3,2,2,NULL,1,NULL,1,1,1,NULL,NULL,NULL,NULL,1,NULL,32,1,1,1,2,3,2,3,4
1336,2102,3,2,2,NULL,1,NULL,1,1,1,NULL,NULL,NULL,NULL,1,NULL,32,1,1,1,2,3,2,3,4
1338,2100,3,2,2,NULL,1,NULL,1,1,1,NULL,NULL,NULL,NULL,1,NULL,32,1,1,1,2,3,2,3,4
1339,2097,3,2,2,NULL,1,NULL,1,1,1,NULL,NULL,NULL,NULL,1,NULL,32,1,1,1,2,3,2,3,4
1340,2097,3,2,2,NULL,1,NULL,1,1,1,NULL,NULL,NULL,NULL,1,NULL,32,1,1,1,2,3,2,3,4
1341,2101,3,2,2,NULL,1,NULL,1,1,1,NULL,NULL,NULL,NULL,1,NULL,32,1,1,1,2,3,2,3,4
1342,2098,3,2,2,NULL,1,NULL,1,1,1,NULL,NULL,NULL,NULL,1,NULL,32,1,1,1,2,3,2,3,4
1343,2097,3,2,2,NULL,1,NULL,1,1,1,NULL,NULL,NULL,NULL,1,NULL,32,1,1,1,2,3,2,3,4
1344,2097,3,2,2,NULL,1,NULL,1,1,1,NULL,NULL,NULL,NULL,1,NULL,32,1,1,1,2,3,2,3,4
1345,2097,3,2,2,NULL,1,NULL,1,1,1,NULL,NULL,NULL,NULL,1,NULL,32,1,1,1,2,3,2,3,4
1346,2098,3,2,2,NULL,1,NULL,1,1,1,NULL,NULL,NULL,NULL,1,NULL,32,1,1,1,2,3,2,3,4
1347,2098,3,2,2,NULL,1,NULL,1,1,1,NULL,NULL,NULL,NULL,1,NULL,32,1,1,1,2,3,2,3,4
1348,2101,3,2,2,NULL,1,NULL,1,1,1,NULL,NULL,NULL,NULL,1,NULL,32,1,1,1,2,3,2,3,4
1349,2097,3,2,2,NULL,1,NULL,1,1,1,NULL,NULL,NULL,NULL,1,NULL,32,1,1,1,2,3,2,3,4
1373,2132,3,2,2,NULL,1,NULL,1,1,1,NULL,NULL,NULL,NULL,1,NULL,32,1,1,1,2,3,2,3,4
1374,2132,3,2,2,NULL,1,NULL,1,1,1,NULL,NULL,NULL,NULL,1,NULL,32,1,1,1,2,3,2,3,4
1375,2132,3,2,2,NULL,1,NULL,1,1,1,NULL,NULL,NULL,NULL,1,NULL,32,1,1,1,2,3,2,3,4
1376,2132,3,2,2,NULL,1,NULL,1,1,1,NULL,NULL,NULL,NULL,1,NULL,32,1,1,1,2,3,2,3,4
1377,2132,3,2,2,NULL,1,NULL,1,1,1,NULL,NULL,NULL,NULL,1,NULL,32,1,1,1,2,3,2,3,4
1378,2132,3,2,2,NULL,1,NULL,1,1,1,NULL,NULL,NULL,NULL,1,NULL,32,1,1,1,2,3,2,3,4
1382,2131,3,2,2,NULL,1,NULL,1,1,1,NULL,NULL,NULL,NULL,1,NULL,32,1,1,1,2,3,2,3,4
1383,2132,3,2,2,NULL,1,NULL,1,1,1,NULL,NULL,NULL,NULL,1,NULL,32,1,1,1,2,3,2,3,4
1384,2132,3,2,2,NULL,1,NULL,1,1,1,NULL,NULL,NULL,NULL,1,NULL,32,1,1,1,2,3,2,3,4
1385,2132,3,2,2,NULL,1,NULL,1,1,1,NULL,NULL,NULL,NULL,1,NULL,32,1,1,1,2,3,2,3,4
1386,2132,3,2,2,NULL,1,NULL,1,1,1,NULL,NULL,NULL,NULL,1,NULL,32,1,1,1,2,3,2,3,4
1387,2132,3,2,2,NULL,1,NULL,1,1,1,NULL,NULL,NULL,NULL,1,NULL,32,1,1,1,2,3,2,3,4
1388,2133,3,2,2,NULL,1,NULL,1,1,1,NULL,NULL,NULL,NULL,1,NULL,32,1,1,1,2,3,2,3,4
1389,2132,3,2,2,NULL,1,NULL,1,1,1,NULL,NULL,NULL,NULL,1,NULL,32,1,1,1,2,3,2,3,4
1320,2093,3,2,2,NULL,1,NULL,1,1,1,NULL,NULL,NULL,15000000,1,NULL,32,1,1,2,2,3,2,3,4
1395,2132,3,2,2,NULL,1,NULL,1,1,1,NULL,NULL,NULL,NULL,1,NULL,32,1,1,1,2,3,2,3,4
1393,2132,3,2,2,NULL,1,NULL,1,1,1,NULL,NULL,NULL,NULL,1,NULL,32,1,1,1,2,3,2,3,4
1394,2132,3,2,2,NULL,1,NULL,1,1,1,NULL,NULL,NULL,NULL,1,NULL,32,1,1,1,2,3,2,3,4
1392,2132,3,2,2,NULL,1,NULL,1,1,1,NULL,NULL,NULL,NULL,1,NULL,32,1,1,1,2,3,2,3,4
1391,2132,3,2,2,NULL,1,NULL,1,1,1,NULL,NULL,NULL,NULL,1,NULL,32,1,1,1,2,3,2,3,4
1390,2132,3,2,2,NULL,1,NULL,1,1,1,NULL,NULL,NULL,NULL,1,NULL,32,1,1,1,2,3,2,3,4
1396,2131,3,2,2,NULL,1,NULL,1,1,1,NULL,NULL,NULL,NULL,1,NULL,32,1,1,1,2,3,2,3,4
1397,2132,3,2,2,NULL,1,NULL,1,1,1,NULL,NULL,NULL,50000000,1,NULL,32,1,1,1,2,3,2,3,4
1398,2133,3,2,2,NULL,1,NULL,1,1,1,NULL,NULL,NULL,NULL,1,NULL,32,1,1,1,2,3,2,3,4
1399,2132,3,2,2,NULL,1,NULL,1,1,1,NULL,NULL,NULL,NULL,1,NULL,32,1,1,1,2,3,2,3,4
1403,2131,3,2,2,NULL,1,NULL,1,1,1,NULL,NULL,NULL,NULL,1,NULL,32,1,1,1,2,3,2,3,4
1404,2131,3,2,2,NULL,1,NULL,1,1,1,NULL,NULL,NULL,NULL,1,NULL,32,1,1,1,2,3,2,3,4
1405,2136,3,2,2,NULL,1,NULL,1,1,1,NULL,NULL,NULL,NULL,1,NULL,32,1,1,1,2,3,2,3,4
1406,2136,3,2,2,NULL,1,NULL,1,1,1,NULL,NULL,NULL,NULL,1,NULL,32,1,1,1,2,3,2,3,4
1407,2136,3,2,2,NULL,1,NULL,1,1,1,NULL,NULL,NULL,NULL,1,NULL,32,1,1,1,2,3,2,3,4
1408,2136,3,2,2,NULL,1,NULL,1,1,1,NULL,NULL,NULL,NULL,1,NULL,32,1,1,1,2,3,2,3,4
1409,2136,3,2,2,NULL,1,NULL,1,1,1,NULL,NULL,NULL,NULL,1,NULL,32,1,1,1,2,3,2,3,4
1410,2136,3,2,2,NULL,1,NULL,1,1,1,NULL,NULL,NULL,NULL,1,NULL,32,1,1,1,2,3,2,3,4
1411,2136,3,2,2,NULL,1,NULL,1,1,1,NULL,NULL,NULL,NULL,1,NULL,32,1,1,1,2,3,2,3,4
1412,2136,3,2,2,NULL,1,NULL,1,1,1,NULL,NULL,NULL,NULL,1,NULL,32,1,1,1,2,3,2,3,4
1413,2136,3,2,2,NULL,1,NULL,1,1,1,NULL,NULL,NULL,NULL,1,NULL,32,1,1,1,2,3,2,3,4
1414,2136,3,2,2,NULL,1,NULL,1,1,1,NULL,NULL,NULL,NULL,1,NULL,32,1,1,1,2,3,2,3,4
1415,2135,3,2,2,NULL,1,NULL,1,1,1,NULL,NULL,NULL,NULL,1,NULL,32,1,1,1,2,3,2,3,4
1419,2136,3,2,2,NULL,1,NULL,1,1,1,NULL,NULL,NULL,NULL,1,NULL,32,1,1,1,2,3,2,3,4
1178,1963,2,2,2,NULL,1,NULL,1,1,1,467.0,0.3,NULL,1828000,2,NULL,38,1,1,1,1,3,2,3,4
1201,1986,3,2,2,33772,3,NULL,1,1,1,1000.0,NULL,45.0,1519757,2,NULL,38,1,1,1,1,3,2,3,4
1202,1987,3,2,2,NULL,1,NULL,1,1,1,NULL,NULL,NULL,1671126,2,NULL,38,1,1,1,1,3,2,3,4
1203,1988,2,2,2,NULL,1,NULL,1,1,1,8000.0,NULL,NULL,3877845,2,NULL,38,1,1,2,1,3,2,3,4
1211,1996,2,2,2,NULL,1,NULL,1,1,1,NULL,NULL,NULL,1925709,2,NULL,38,50,1,1,1,3,2,3,4
1313,2089,2,2,2,NULL,1,NULL,1,1,1,NULL,NULL,NULL,NULL,1,NULL,32,1,1,1,2,3,2,3,4
1317,2089,2,2,2,NULL,1,NULL,1,1,1,NULL,NULL,NULL,27253000,2,NULL,32,1,1,1,2,3,2,3,4
1318,2089,2,2,2,NULL,1,NULL,1,1,1,NULL,NULL,NULL,NULL,1,NULL,32,1,1,1,2,3,2,3,4
1329,2096,2,2,2,NULL,1,NULL,1,1,1,NULL,NULL,NULL,NULL,1,NULL,32,1,1,1,2,3,2,3,4
1334,2099,3,2,2,NULL,1,NULL,1,1,1,NULL,NULL,NULL,NULL,1,NULL,32,1,1,1,2,3,2,3,4
1379,2134,2,2,2,NULL,1,NULL,1,1,1,NULL,NULL,NULL,NULL,1,NULL,32,1,1,1,2,3,2,3,4
1380,2134,2,2,2,NULL,1,NULL,1,1,1,NULL,NULL,NULL,NULL,1,NULL,32,1,1,1,2,3,2,3,4
1381,2134,2,2,2,NULL,1,NULL,1,1,1,NULL,NULL,NULL,NULL,1,NULL,32,1,1,1,2,3,2,3,4
1400,2134,2,2,2,NULL,1,NULL,1,1,1,NULL,NULL,NULL,NULL,1,NULL,32,1,1,1,2,3,2,3,4
1401,2134,2,2,2,NULL,1,NULL,1,1,1,NULL,NULL,NULL,33000000,1,NULL,32,1,1,1,2,3,2,3,4
1402,2134,2,2,2,NULL,1,NULL,1,1,1,NULL,NULL,NULL,NULL,1,NULL,32,1,1,1,2,3,2,3,4
1416,2137,2,2,2,NULL,1,NULL,1,1,1,NULL,NULL,NULL,NULL,1,NULL,32,1,1,1,2,3,2,3,4
1417,2137,2,2,2,NULL,1,NULL,1,1,1,NULL,NULL,NULL,NULL,1,NULL,32,1,1,1,2,3,2,3,4
1418,2137,2,2,2,NULL,1,NULL,1,1,1,NULL,NULL,NULL,NULL,1,NULL,32,1,1,1,2,3,2,3,4
1831,2549,3,3,3,1500000,3,NULL,1,3,1,NULL,NULL,NULL,NULL,1,NULL,32,1,1,3,3,3,2,3,4
1832,2550,3,3,3,11250000,3,330000,12,3,2,300000.0,NULL,8.0,90000000,2,NULL,32,1,1,3,2,3,2,3,4
748,1834,3,7,7,79360000,3,42896,15,3,9,NULL,NULL,3.0,235000000,2,NULL,38,1,1,2,1,3,2,3,4
1510,2224,3,5,5,NULL,1,16388,2,3,1,1213.0,NULL,NULL,538495,2,NULL,19,32,20,3,3,3,2,3,4
1734,2448,3,5,5,NULL,1,NULL,1,1,1,NULL,NULL,NULL,35740,2,NULL,38,1,1,3,1,3,2,3,4
1694,2408,3,5,5,NULL,1,NULL,1,1,1,NULL,NULL,NULL,121544,2,NULL,50,38,1,1,1,3,2,3,4
1799,2517,1,2,2,72000,3,NULL,1,3,1,724.0,NULL,5.0,360000,2,NULL,38,1,1,3,1,3,2,3,4
1698,2412,2,5,5,NULL,1,NULL,1,1,1,NULL,NULL,NULL,23170,2,NULL,38,1,1,1,1,3,2,3,4
1700,2414,2,5,5,NULL,1,NULL,1,1,1,NULL,NULL,NULL,49900,2,NULL,50,38,1,1,1,3,2,3,4
1701,2415,2,5,5,NULL,1,NULL,1,1,1,NULL,NULL,NULL,31275,2,NULL,50,38,1,1,1,3,2,3,4
1702,2416,2,5,5,NULL,1,NULL,1,1,1,NULL,NULL,NULL,46380,2,NULL,50,38,1,1,1,3,2,3,4
1703,2417,2,5,5,NULL,1,NULL,1,1,1,NULL,NULL,NULL,29600,2,NULL,50,38,1,1,1,3,2,3,4
1708,2422,2,5,5,NULL,1,NULL,1,1,1,NULL,NULL,NULL,29600,2,NULL,50,38,1,1,1,3,2,3,4
1772,2490,2,2,2,NULL,3,41400,7,3,4,NULL,NULL,NULL,90000,2,NULL,38,1,1,3,1,3,2,3,4
1705,2419,2,5,5,NULL,1,NULL,1,1,1,NULL,NULL,NULL,24000,2,NULL,50,38,1,1,1,3,2,3,4
1706,2420,2,5,5,NULL,1,NULL,1,1,1,NULL,NULL,NULL,30800,2,NULL,38,1,1,1,1,3,2,3,4
1707,2421,2,5,5,NULL,1,NULL,1,1,1,52.0,NULL,NULL,90499,2,NULL,38,1,1,1,1,3,2,3,4
537,1490,3,7,7,564000,3,113,12,3,1,NULL,0.2,0.5,250000,2,NULL,7,1,1,3,3,3,2,3,4
1446,2164,1,3,3,49500,3,NULL,5,3,2,NULL,0.55,NULL,12500000,2,NULL,41,7,8,2,1,3,2,3,4
1459,2177,1,3,3,NULL,3,NULL,1,1,1,NULL,NULL,NULL,145400000,2,NULL,9,7,29,2,1,3,2,3,4
1737,2451,3,5,5,NULL,1,3241,2,3,1,232.0,NULL,NULL,131159,2,NULL,18,9,19,3,1,3,2,3,4
245,1066,1,1,1,NULL,1,55,12,3,1,NULL,NULL,NULL,NULL,1,NULL,8,1,1,1,1,3,2,3,4
1603,2317,3,3,3,34000,3,268205,5,3,2,271.0,0.5,0.9,97166,2,NULL,8,1,1,1,1,3,2,3,4
1220,2005,3,3,3,350,3,NULL,1,1,2,NULL,0.66,2.0,700,2,NULL,8,1,1,3,1,3,2,3,4
1228,2011,2,3,3,28675,3,416423,5,3,2,NULL,0.5,1.5,73554,2,NULL,8,1,1,3,1,3,2,3,4
1229,2011,2,3,3,1794,3,23653,5,3,2,9.0,0.56,4.75,12076,2,NULL,8,1,1,3,1,3,2,3,4
1252,2028,3,3,3,37853,3,970591,5,3,2,NULL,0.44,5.7,344529,2,NULL,8,1,1,3,1,3,2,3,4
1254,2029,3,3,3,45699,3,NULL,1,1,1,NULL,NULL,1.4,182467,2,NULL,8,1,1,3,1,3,2,3,4
1260,2032,3,3,3,3801,3,55269,5,3,2,NULL,NULL,3.2,12200,2,NULL,8,1,1,3,3,3,2,3,4
1596,2310,3,3,3,301872,3,2584527,5,3,2,2344.0,NULL,0.4,NULL,2,NULL,8,1,1,3,3,3,2,3,4
709,1795,3,3,3,141500,1,1180000,5,3,1,NULL,0.12,NULL,NULL,1,NULL,8,1,1,3,3,3,2,3,4
1591,2305,3,3,3,29489,3,210634,5,3,2,173.0,NULL,NULL,NULL,2,NULL,8,1,1,3,1,3,2,3,4
1592,2306,3,3,3,257790,3,2806035,5,3,2,2460.0,0.6,NULL,NULL,2,NULL,8,1,1,3,1,3,2,3,4
1593,2307,3,3,3,70954,3,618258,5,3,2,508.0,0.6,NULL,NULL,2,NULL,8,1,1,3,1,3,2,3,4
1597,2311,3,3,3,48563,3,404691,5,3,2,409.0,0.82,NULL,NULL,2,NULL,8,1,1,3,1,3,2,3,4
1602,2316,3,3,3,31381,3,239624,5,3,2,222.0,0.67,NULL,NULL,2,NULL,8,1,1,3,1,3,2,3,4
1550,2264,1,3,3,2238,3,NULL,1,1,1,NULL,NULL,1.0,24160,2,NULL,8,1,1,3,1,3,2,3,4
1562,2276,2,3,3,54800,3,969,12,3,2,433.0,NULL,13.5,742646,2,NULL,8,1,1,3,1,3,2,3,4
1590,2304,1,3,3,168973,3,1536120,5,3,2,1536.0,NULL,NULL,NULL,2,NULL,8,1,1,1,1,3,2,3,4
1279,2055,2,3,3,133000,3,2100,12,3,1,NULL,0.56,0.9,120000,2,NULL,8,1,1,1,1,3,2,3,4
640,1728,1,3,3,108000,3,NULL,1,1,1,NULL,0.276,12.0,1300000,2,NULL,8,7,3,1,1,3,2,3,4
470,1395,3,6,6,12000,3,1045,12,3,1,210.0,0.063,1.33,16000,2,NULL,12,1,1,1,1,3,2,3,4
490,1415,3,6,6,13200,3,400,12,3,1,276.0,NULL,4.2,73952,2,NULL,20,1,1,3,1,3,2,3,4
822,1908,3,3,3,911000,3,250000,11,3,3,NULL,NULL,0.13,110000,2,NULL,12,1,1,1,1,3,2,3,4
136,755,3,3,3,41400,3,2070,15,3,9,51394.0,NULL,2.6,110700,2,NULL,12,1,1,3,3,3,2,3,4
736,1822,3,7,7,780000,3,NULL,1,3,4,NULL,0.01,1.2,900000,2,NULL,12,1,1,3,1,3,2,3,4
380,942,3,2,2,38300,1,NULL,1,1,1,NULL,NULL,NULL,500,2,NULL,19,15,1,1,1,3,2,3,4
697,1783,3,4,4,166666,3,1400000,5,3,1,NULL,NULL,2.0,330000,2,NULL,13,1,1,3,2,3,2,3,4
35,1767,3,1,1,NULL,1,112,12,3,2,NULL,0.09,2.0,NULL,1,NULL,15,1,1,1,1,3,2,3,4
323,1004,2,2,2,36000,3,313,12,3,2,NULL,0.04,12.5,450000,2,NULL,8,1,1,3,1,3,2,3,4
1961,2680,2,2,2,300000,3,110,14,3,2,380.0,0.35,10.0,3130000,2,NULL,8,13,1,3,1,3,2,3,4
460,1326,3,2,2,1220,3,1543,5,3,1,1.6,NULL,4.0,4500,2,NULL,19,1,1,2,1,3,2,3,4
125,726,3,2,2,15359168,3,75260,5,3,2,42947.0,NULL,0.02,210000,2,NULL,19,1,1,1,1,3,2,3,4
375,832,3,2,2,38640,3,1200,12,3,1,247.2,0.18,3.0,115900,2,NULL,21,19,1,1,1,3,2,3,4
572,1594,3,7,7,175000,3,35000,5,3,1,NULL,NULL,0.5,80000,2,NULL,21,1,1,1,1,3,2,3,4
521,1474,3,7,7,NULL,1,97000,5,3,1,NULL,NULL,1.2,400000,2,NULL,21,1,1,3,3,3,2,3,4
1671,2385,3,5,5,NULL,1,NULL,1,3,8,NULL,NULL,NULL,27200,2,NULL,21,1,1,1,1,3,2,3,4
1354,2112,3,2,2,NULL,1,NULL,1,1,1,NULL,NULL,NULL,NULL,1,NULL,21,20,25,1,1,3,2,3,4
1468,2184,3,2,2,1187,3,NULL,1,1,1,10.0,NULL,7.0,14239,2,NULL,25,1,1,2,1,3,2,3,4
733,1819,3,7,7,3000000,1,NULL,1,3,1,NULL,NULL,NULL,NULL,1,NULL,19,1,1,3,1,3,2,3,4
742,1828,3,7,7,390000,3,NULL,1,3,1,NULL,NULL,0.2,40000,2,NULL,19,1,1,3,1,3,2,3,4
38,720,3,2,2,NULL,1,137,3,3,1,26000.0,NULL,NULL,37000000,2,NULL,24,33,1,3,4,3,2,3,4
42,1472,3,1,1,NULL,1,180,12,3,1,NULL,NULL,NULL,NULL,1,NULL,3,1,1,1,1,3,2,3,4
95,833,3,2,2,75000,1,NULL,1,1,1,NULL,NULL,NULL,NULL,1,NULL,19,1,1,1,1,3,2,3,4
1642,2356,3,5,5,NULL,1,16216,2,3,4,1019.0,NULL,NULL,837285,2,NULL,25,19,9,3,1,3,2,3,4
1646,2360,3,5,5,NULL,1,2268,2,3,4,159.0,NULL,NULL,171079,2,NULL,19,1,1,1,1,3,2,3,4
784,1870,3,5,5,NULL,1,4813,2,3,1,338.0,NULL,NULL,328546,2,NULL,12,1,1,3,1,3,2,3,4
776,1862,3,5,5,NULL,1,2637,2,3,1,185.0,NULL,NULL,336022,2,NULL,25,21,1,1,1,3,2,3,4
777,1863,3,5,5,NULL,1,1923,2,3,4,138.0,NULL,NULL,300540,2,NULL,25,21,1,1,1,3,2,3,4
780,1866,3,5,5,NULL,1,7365,2,3,1,501.0,NULL,NULL,537790,2,NULL,25,12,1,3,1,3,2,3,4
1496,2210,3,5,5,NULL,1,4104,2,3,1,253.0,NULL,NULL,142480,2,NULL,25,21,1,1,1,3,2,3,4
1498,2212,3,5,5,NULL,1,21526,2,3,4,1456.0,NULL,NULL,1709174,2,NULL,25,20,12,3,1,3,2,3,4
1520,2234,3,5,5,NULL,1,8330,2,3,1,615.0,NULL,NULL,347615,2,NULL,25,21,9,1,1,3,2,3,4
1521,2235,3,5,5,NULL,1,9646,2,3,4,699.0,NULL,NULL,664053,2,NULL,25,9,21,2,1,3,2,3,4
1637,2351,3,5,5,NULL,1,4163,2,3,1,293.0,NULL,NULL,431300,2,NULL,25,9,21,2,1,3,2,3,4
1638,2352,3,5,5,NULL,1,4417,2,3,1,313.0,NULL,NULL,426975,2,NULL,25,21,1,3,1,3,2,3,4
1639,2353,3,5,5,NULL,1,6099,2,3,1,429.0,NULL,NULL,264058,2,NULL,19,1,1,1,1,3,2,3,4
1640,2354,3,5,5,NULL,1,3327,2,3,1,234.0,NULL,NULL,246100,2,NULL,25,21,9,1,1,3,2,3,4
1641,2355,3,5,5,NULL,1,6393,2,3,4,449.0,NULL,NULL,1080404,2,NULL,25,9,1,3,1,3,2,3,4
1643,2357,3,5,5,NULL,1,16884,2,3,1,1249.0,NULL,NULL,705742,2,NULL,25,21,1,3,1,3,2,3,4
1658,2372,3,5,5,NULL,1,3984,2,3,1,280.0,NULL,NULL,391099,2,NULL,25,21,1,3,1,3,2,3,4
785,1871,3,5,5,NULL,1,921,2,3,1,64.0,NULL,NULL,349340,2,NULL,25,21,1,3,1,3,2,3,4
786,1872,3,5,5,NULL,1,4676,2,3,4,329.0,NULL,NULL,903638,2,NULL,25,21,1,3,1,3,2,3,4
787,1873,3,5,5,NULL,1,2285,2,3,1,161.0,NULL,NULL,349340,2,NULL,25,21,1,3,1,3,2,3,4
788,1874,3,5,5,NULL,1,3295,2,3,1,214.0,NULL,NULL,219044,2,NULL,12,9,1,2,1,3,2,3,4
790,1876,3,5,5,NULL,1,4979,2,3,1,276.0,NULL,NULL,704000,2,NULL,25,21,9,3,1,3,2,3,4
2021,2739,3,15,15,NULL,1,3444000,5,3,1,NULL,NULL,NULL,53235000,2,NULL,21,1,1,3,3,3,2,3,4
1933,2651,3,3,3,50000,3,471,12,3,2,NULL,NULL,0.7,38000,2,NULL,11,1,1,1,1,3,2,3,4
826,1912,3,3,3,840000,3,960000,11,3,4,NULL,NULL,1.9,1618900,2,NULL,24,11,1,1,1,3,2,3,4
678,1766,3,3,3,447795,3,NULL,1,3,1,NULL,0.142,0.5,212400,2,NULL,14,11,8,3,1,3,2,3,4
371,683,3,2,2,164000,3,11500,12,3,3,NULL,0.4,6.0,990000,2,NULL,25,24,1,3,1,3,2,3,4
1812,2530,3,3,3,76500,3,700,11,3,3,NULL,NULL,1.0,75000,2,NULL,24,1,1,3,1,3,2,3,4
510,1463,3,1,1,NULL,1,5200,7,3,4,NULL,0.05,NULL,NULL,1,NULL,7,11,1,1,1,3,2,3,4
515,1468,3,1,1,NULL,1,NULL,1,1,1,NULL,0.3,NULL,NULL,1,NULL,19,24,1,1,1,3,2,3,4
1503,2217,3,5,5,NULL,1,1312,2,3,4,92.0,0.25,NULL,794600,2,NULL,44,24,1,3,3,3,2,3,4
794,1880,3,5,5,NULL,1,469,2,3,1,28.0,NULL,NULL,157173,2,NULL,12,1,1,3,1,3,2,3,4
1672,2386,3,5,5,NULL,1,1863,2,3,1,112.0,NULL,NULL,726990,2,NULL,24,1,1,3,1,3,2,3,4
859,1945,3,1,1,NULL,1,NULL,1,1,1,NULL,NULL,NULL,NULL,1,NULL,33,24,14,3,3,3,2,3,4
1743,2457,3,5,5,NULL,1,454,2,3,1,1400.0,NULL,NULL,1888000,2,NULL,14,24,1,3,1,3,2,3,4
1742,2456,3,5,5,NULL,1,4320,2,3,1,1300.0,NULL,NULL,3750000,2,NULL,14,24,1,2,1,3,2,3,4
1682,2396,3,5,5,NULL,1,NULL,1,3,1,NULL,NULL,NULL,49737,2,NULL,24,1,1,2,1,3,2,3,4
729,1815,3,7,7,780000,3,4000,7,4,4,NULL,NULL,1.2,900000,2,NULL,24,1,1,3,1,3,2,3,4
1982,2701,3,2,2,432260,3,20,3,3,1,4652.0,0.022,2.8,1200000,2,NULL,19,24,1,3,1,3,2,3,4
1350,2108,3,2,2,NULL,1,NULL,1,1,3,NULL,0.15,NULL,1000000,2,NULL,24,25,1,3,1,3,2,3,4
1351,2109,3,2,2,NULL,1,7070000,5,2,1,NULL,NULL,NULL,NULL,1,NULL,24,25,45,1,2,3,2,3,4
1352,2110,3,2,2,NULL,1,NULL,1,1,1,NULL,NULL,NULL,NULL,1,NULL,24,45,44,1,2,3,2,3,4
1355,2113,3,2,2,NULL,1,NULL,1,1,1,NULL,NULL,NULL,NULL,1,NULL,38,44,24,3,3,3,2,3,4
1359,2117,3,13,13,NULL,1,NULL,1,1,1,NULL,NULL,NULL,NULL,1,NULL,24,30,1,3,1,3,2,3,4
593,1615,3,7,7,4790000,3,1065000,5,3,1,NULL,NULL,1.98,9500000,2,NULL,24,1,1,3,1,3,2,3,4
726,1812,3,7,7,1650000,3,NULL,1,3,1,NULL,NULL,0.3,450000,2,NULL,24,1,1,3,1,3,2,3,4
580,1602,3,7,7,745000,3,106500,7,3,7,NULL,NULL,0.667,500000,2,NULL,21,24,1,3,1,3,2,3,4
1986,2705,3,2,2,87485,3,763150,5,3,1,297.0,0.91,0.69,60000,2,NULL,24,1,1,2,1,3,2,3,4
1554,2268,3,3,3,600,3,NULL,1,1,1,NULL,NULL,4.6,2800,2,NULL,24,1,1,3,1,3,2,3,4
1626,2340,3,5,5,NULL,1,NULL,1,3,1,NULL,NULL,NULL,12800,2,NULL,24,38,7,1,1,3,2,3,4
1669,2383,3,5,5,NULL,1,NULL,1,3,1,NULL,NULL,NULL,45360,2,NULL,19,1,1,3,1,3,2,3,4
68,678,3,1,1,NULL,1,NULL,1,1,1,110163.0,NULL,NULL,NULL,1,NULL,19,1,1,3,1,3,2,3,4
69,679,3,1,1,NULL,1,NULL,1,1,1,50387.0,NULL,NULL,NULL,1,NULL,19,1,1,1,1,3,2,3,4
70,680,3,1,1,NULL,1,NULL,1,1,1,63944.0,NULL,NULL,NULL,1,NULL,19,1,1,1,1,3,2,3,4
72,670,3,1,1,NULL,1,NULL,1,1,1,98432.0,NULL,NULL,NULL,1,NULL,19,1,1,1,1,3,2,3,4
75,669,3,1,1,NULL,1,NULL,1,1,1,285064.0,NULL,NULL,NULL,1,NULL,19,1,1,1,1,3,2,3,4
76,668,3,1,1,NULL,1,NULL,1,1,1,86588.0,NULL,NULL,NULL,1,NULL,19,1,1,1,1,3,2,3,4
77,690,3,1,1,NULL,1,NULL,1,1,1,28385.0,NULL,NULL,NULL,1,NULL,19,1,1,1,1,3,2,3,4
79,691,3,1,1,NULL,1,NULL,1,1,1,28671.0,NULL,NULL,NULL,1,NULL,19,1,1,1,1,3,2,3,4
81,687,3,1,1,NULL,1,NULL,1,1,1,135502.0,NULL,NULL,NULL,1,NULL,19,1,1,1,1,3,2,3,4
71,706,3,2,2,151000,1,NULL,1,1,1,47444.7,NULL,NULL,461000,2,NULL,19,1,1,1,1,3,2,3,4
73,648,3,2,2,NULL,1,NULL,1,1,1,63515.0,NULL,NULL,5725784,2,NULL,19,1,1,1,1,3,2,3,4
1522,2236,3,5,5,NULL,1,1197,2,3,1,84.0,NULL,NULL,101925,2,NULL,25,1,1,3,1,3,2,3,4
78,689,3,1,1,NULL,1,NULL,1,1,1,2182210.0,NULL,NULL,NULL,1,NULL,19,1,1,1,1,3,2,3,4
80,692,3,1,1,NULL,1,NULL,1,1,1,390454.0,NULL,NULL,NULL,1,NULL,19,1,1,1,1,3,2,3,4
82,1179,3,2,2,NULL,1,NULL,1,1,1,310160.0,NULL,NULL,4400000,2,NULL,19,1,1,1,1,3,2,3,4
532,1485,3,7,7,565000,3,NULL,1,1,1,NULL,NULL,0.04,25000,2,NULL,21,14,1,1,1,3,2,3,4
1292,2068,2,3,3,3800000,3,14000,12,3,1,NULL,0.8,0.25,800000,2,NULL,16,1,1,3,1,3,2,3,4
1293,2069,2,3,3,8260000,3,71000,12,3,1,NULL,0.075,3.5,28910000,2,NULL,16,28,1,3,1,3,2,3,4
364,834,3,2,2,6000,3,75,12,3,1,2.3,0.35,4.0,191000,2,NULL,14,1,1,1,1,3,2,3,4
730,1816,3,7,7,1390000,3,49,16,3,1,NULL,NULL,0.0,NULL,1,NULL,14,1,1,3,1,3,2,3,4
1193,1978,3,2,2,NULL,1,214,41,1,1,NULL,0.74,NULL,4259691,2,NULL,9,29,1,3,3,3,2,3,4
1558,2272,2,3,3,29214,3,424,12,3,2,190.0,NULL,25.0,748381,2,NULL,7,1,1,3,1,3,2,3,4
2125,4783,1,2,5,0,1,100000,7,3,3,0.0,0.0,0.0,400000,2,0,24,1,1,3,1,3,2
1967,2686,3,2,2,300,3,3000,5,3,2,0.25,0.25,10.0,3180,2,NULL,19,1,1,1,1,3,2,3,4
1589,2303,3,3,3,115557,3,1076960,5,3,2,988.0,0.49,NULL,NULL,2,NULL,8,1,1,1,1,3,2,3,4
864,1950,2,3,3,1230797,3,110094,11,3,1,NULL,NULL,6.4,7818170,2,NULL,8,14,1,1,1,3,2,3,4
1261,2032,3,3,3,8013,3,NULL,1,1,1,224.0,NULL,2.4,19220,2,NULL,8,1,1,3,3,3,2,3,4
1595,2309,3,3,3,67064,3,649306,5,3,2,604.0,NULL,NULL,NULL,2,NULL,8,1,1,3,3,3,2,3,4
702,1788,3,3,3,80000,1,800000,5,3,2,NULL,NULL,NULL,NULL,1,NULL,8,1,1,3,3,3,2,3,4
495,1420,3,3,3,NULL,1,41696,5,3,2,NULL,NULL,NULL,NULL,1,NULL,8,1,1,3,1,3,2,3,4
1594,2308,3,3,3,24902,3,194499,5,3,2,160.0,NULL,NULL,NULL,2,NULL,8,1,1,3,1,3,2,3,4
1598,2312,3,3,3,50000,3,413216,5,3,2,371.0,0.66,NULL,NULL,2,NULL,8,1,1,3,1,3,2,3,4
1601,2315,3,3,3,4094,3,48545,5,3,2,50.0,NULL,0.91,3700,2,NULL,8,1,1,3,1,3,2,3,4
1557,2271,2,3,3,55063,3,NULL,1,1,1,117.0,NULL,10.2,563209,2,NULL,7,8,1,1,1,3,2,3,4
619,1707,3,3,3,200000,1,2,3,3,2,NULL,0.25,0.8,250000,2,NULL,7,15,8,3,1,3,2,3,4
623,1711,3,3,3,9400,3,115000,5,3,2,NULL,0.2,1.5,26000,2,NULL,8,1,1,3,1,3,2,3,4
1551,2265,3,3,3,3134,3,NULL,1,1,1,NULL,NULL,2.0,29526,2,NULL,8,1,1,1,1,3,2,3,4
195,719,3,1,1,NULL,1,7681196,5,3,2,NULL,0.54,5.0,NULL,1,NULL,8,1,1,1,1,3,2,3,4
197,1181,3,1,1,NULL,1,160925,5,3,2,80.5,0.43,NULL,NULL,1,NULL,8,1,1,1,1,3,2,3,4
220,1012,2,2,2,1600,3,16280,5,3,1,NULL,0.4,NULL,NULL,1,NULL,8,1,1,1,1,3,2,3,4
280,852,3,1,1,NULL,1,NULL,1,1,1,NULL,NULL,3.8,NULL,1,NULL,8,1,1,1,1,3,2,3,4
285,637,3,8,8,2019,1,4037,5,3,1,NULL,0.6,NULL,NULL,1,NULL,8,1,1,3,3,3,2,3,4
301,959,3,1,1,NULL,1,10337,12,3,1,NULL,NULL,NULL,NULL,1,NULL,8,1,1,1,1,3,2,3,4
327,1027,2,2,2,2000,1,13248,5,3,1,NULL,0.52,8.0,16056,2,NULL,8,1,1,1,1,3,2,3,4
331,1015,2,2,2,50000,3,86,12,3,1,NULL,NULL,6.1,305000,2,NULL,8,1,1,1,1,3,2,3,4
335,762,3,2,2,115000,3,NULL,1,1,2,NULL,0.35,4.0,460000,2,NULL,8,1,1,3,1,3,2,3,4
187,1105,3,2,2,96376,3,1033495,12,3,1,682.0,NULL,0.6,59647,2,NULL,7,8,1,1,1,3,2,3,4
215,1168,3,2,2,41870,3,365837,5,3,2,278.0,0.6,2.0,83740,2,NULL,8,1,1,1,1,3,2,3,4
228,876,3,1,1,NULL,1,NULL,1,1,1,NULL,NULL,NULL,NULL,1,NULL,8,1,1,1,1,3,2,3,4
235,725,3,1,1,NULL,1,64680,5,3,1,NULL,0.75,2.5,NULL,1,NULL,8,1,1,1,1,3,2,3,4
241,1067,1,1,1,NULL,1,55194,5,3,1,NULL,0.54,6.75,NULL,1,NULL,8,1,1,1,1,3,2,3,4
243,1068,3,1,1,NULL,1,NULL,1,1,1,NULL,0.315,NULL,NULL,1,NULL,8,1,1,1,1,3,2,3,4
248,1059,2,2,2,20063,3,119,12,3,1,NULL,0.68,6.0,120378,2,NULL,8,1,1,3,1,3,2,3,4
251,1089,3,1,1,NULL,1,260389,5,3,1,NULL,NULL,NULL,NULL,1,NULL,8,1,1,1,1,3,2,3,4
276,743,3,1,1,NULL,1,40000,5,3,1,NULL,0.38,2.5,NULL,1,NULL,8,1,1,1,1,3,2,3,4
282,854,3,1,1,NULL,1,116590,5,3,1,58.3,NULL,NULL,NULL,1,NULL,8,1,1,1,1,3,2,3,4
283,855,3,2,2,7492,3,31217,5,3,1,NULL,NULL,3.6,27000,1,NULL,8,1,1,1,1,3,2,3,4
291,878,3,2,2,21337,3,174825,5,3,1,NULL,NULL,3.0,63042,2,NULL,8,1,1,1,1,3,2,3,4
297,816,3,1,1,NULL,1,264929,5,3,1,NULL,0.17,4.0,NULL,1,NULL,8,1,1,1,1,3,2,3,4
298,702,3,1,1,NULL,1,162508,5,3,2,NULL,0.09,3.5,NULL,1,NULL,8,1,1,1,1,3,2,3,4
300,936,3,2,2,227500,3,1750,12,3,1,1050.0,NULL,2.8,650000,2,NULL,8,1,1,3,1,3,2,3,4
191,1114,3,2,2,110451,1,1153214,5,3,1,1176.0,NULL,0.7,85012,2,NULL,14,1,1,3,1,3,2,3,4
229,1087,3,1,1,NULL,1,361,12,3,1,NULL,0.7,NULL,NULL,1,NULL,8,1,1,1,1,3,2,3,4
236,999,2,2,2,304010,3,3181,12,3,1,NULL,NULL,4.2,1276840,2,NULL,8,1,1,1,1,3,2,3,4
249,1142,3,2,2,155,3,1200,5,3,1,NULL,0.35,3.9,615,2,NULL,8,1,1,3,1,3,2,3,4
262,1113,3,2,2,9333,1,131190,5,3,2,NULL,0.76,NULL,NULL,1,NULL,8,1,1,1,1,3,2,3,4
265,988,2,1,1,NULL,1,26,12,3,2,NULL,NULL,NULL,NULL,1,NULL,8,1,1,1,1,3,2,3,4
289,1178,3,1,1,NULL,1,19120,5,3,1,NULL,NULL,4.0,NULL,1,NULL,8,1,1,1,1,3,2,3,4
314,1017,2,1,1,NULL,1,1000,5,3,1,NULL,NULL,NULL,NULL,1,NULL,8,1,1,1,1,3,2,3,4
194,1155,3,2,2,22000,3,400,12,3,3,25.6,0.15,8.0,183000,2,NULL,7,3,1,3,1,3,2,3,4
189,1110,3,4,4,47759,3,604430,5,3,1,334.0,NULL,2.7,129448,2,NULL,12,1,1,1,1,3,2,3,4
384,657,3,2,2,100000,3,1500,5,3,1,450.0,0.2,3.0,325000,1,NULL,7,1,1,3,1,3,2,3,4
722,1808,3,3,3,156863,3,NULL,1,3,1,549.0,0.21,1.0,156000,2,NULL,7,1,1,3,3,3,2,3,4
496,1421,3,1,1,NULL,1,806400,5,3,1,58.0,0.73,NULL,NULL,1,NULL,9,7,45,3,2,3,2,3,4
1989,2708,3,2,2,200000,3,2500000,5,3,1,839.0,NULL,1.1,230000,2,NULL,18,50,1,3,1,3,2,3,4
306,978,2,1,1,NULL,1,NULL,1,1,1,NULL,0.68,NULL,NULL,1,NULL,8,1,1,1,1,3,2,3,4
308,984,2,1,1,NULL,1,42300,5,3,1,700.0,NULL,NULL,NULL,1,NULL,8,1,1,1,1,3,2,3,4
315,1019,2,1,1,NULL,1,651,16,2,2,NULL,0.49,NULL,NULL,1,NULL,8,1,1,1,1,3,2,3,4
321,1000,2,2,2,3996,3,26640,5,3,2,NULL,0.32,2.6,10435,1,NULL,8,1,1,1,1,3,2,3,4
332,1025,2,1,1,NULL,1,650,15,3,4,NULL,NULL,NULL,NULL,1,NULL,8,1,1,1,1,3,2,3,4
172,1047,2,2,2,27000,1,NULL,1,1,1,NULL,0.6,NULL,100000,2,NULL,8,1,1,1,1,3,2,3,4
1960,2679,2,2,2,NULL,1,5000,5,3,2,NULL,0.1,NULL,68000,2,NULL,8,1,1,3,1,3,2,3,4
161,900,3,3,3,149575,1,NULL,1,1,1,1689.0,NULL,NULL,250960,2,NULL,20,19,17,3,1,3,2,3,4
113,808,3,3,3,NULL,1,NULL,1,1,1,NULL,NULL,NULL,90583,1,NULL,19,30,1,1,1,3,2,3,4
737,1823,3,7,7,27100000,3,NULL,1,3,1,NULL,NULL,1.5,44100000,2,NULL,17,1,1,3,1,3,2,3,4
1681,2395,3,5,5,NULL,1,263218,2,3,4,62050.0,NULL,NULL,25670000,2,NULL,44,12,1,3,3,3,2,3,4
1209,1994,3,2,2,NULL,1,NULL,1,1,1,NULL,NULL,NULL,8338961,2,NULL,28,1,1,2,1,3,2,3,4
1981,2700,3,2,2,276000,3,363000,5,3,2,1109.0,0.72,3.0,850000,2,NULL,44,33,1,3,2,3,2,3,4
1793,2511,3,2,2,NULL,3,NULL,6,3,1,NULL,NULL,NULL,NULL,2,NULL,9,1,1,3,1,3,2,3,4
356,1075,2,3,3,500000,3,7460000,5,3,2,NULL,NULL,1.0,500000,2,NULL,15,12,1,3,1,3,2,3,4
1882,2600,3,1,1,NULL,3,NULL,1,3,1,NULL,0.55,NULL,NULL,2,NULL,21,1,1,1,1,3,2,3,4
628,1716,3,3,3,930000,1,452000,11,3,3,NULL,NULL,NULL,NULL,1,NULL,19,25,20,1,1,3,2,3,4
589,1611,3,7,7,100000,3,25000,5,3,1,NULL,NULL,4.0,400000,2,NULL,21,1,1,1,1,3,2,3,4
841,1927,3,3,3,375000,3,170000,11,3,1,NULL,NULL,NULL,NULL,1,NULL,17,1,1,1,1,3,2,3,4
126,727,3,1,1,NULL,1,NULL,1,1,1,NULL,NULL,NULL,NULL,1,NULL,24,33,1,3,3,3,2,3,4
1190,1975,2,2,2,NULL,1,NULL,1,1,1,NULL,NULL,NULL,363375,2,NULL,19,1,1,1,1,3,2,3,4
616,1704,3,3,3,100000,1,NULL,1,1,1,NULL,0.03,NULL,NULL,1,NULL,7,14,11,3,1,3,2,3,4
592,1614,3,7,7,495000,3,500,30,3,2,NULL,NULL,NULL,NULL,1,NULL,13,1,1,1,1,3,2,3,4
173,1042,2,2,2,NULL,1,NULL,1,1,1,NULL,NULL,NULL,85000,2,NULL,9,1,1,3,1,3,2,3,4
497,1422,2,2,2,NULL,1,NULL,1,1,1,NULL,NULL,NULL,20000,2,NULL,9,1,1,1,1,3,2,3,4
176,1039,2,1,1,NULL,1,NULL,1,1,1,NULL,0.5,NULL,NULL,1,NULL,44,1,1,3,2,3,2,3,4
174,1041,2,8,8,NULL,1,46000,12,3,1,11000.0,NULL,NULL,107000000,2,NULL,44,1,1,2,2,3,2,3,4
1204,1989,2,2,2,NULL,1,NULL,1,1,1,1438.0,NULL,NULL,11900000,2,NULL,38,45,15,3,2,3,2,3,4
192,1147,2,2,2,NULL,1,65,14,3,1,67.77,NULL,NULL,4142269,2,NULL,39,45,9,2,2,3,2,3,4
516,1469,3,9,9,356250,3,850,12,3,2,NULL,0.15,2.4,885000,2,NULL,14,1,1,1,1,3,2,3,4
339,644,3,2,2,57500,3,640,12,3,8,175.0,0.35,5.3,380500,2,NULL,24,1,1,3,1,3,2,3,4
343,954,3,2,2,11978,3,231899,5,3,2,NULL,0.33,14.5,175000,2,NULL,16,15,1,1,1,3,2,3,4
362,911,3,2,2,25945,1,4575,5,3,1,NULL,NULL,NULL,32454,2,NULL,7,1,1,1,1,3,2,3,4
372,890,3,2,2,152918,3,6600,12,3,3,1165.0,0.6,4.9,751599,2,NULL,21,1,1,2,1,3,2,3,4
664,1752,3,3,3,NULL,1,NULL,1,1,1,NULL,NULL,0.1,1500,2,NULL,3,1,1,1,1,3,2,3,4
2056,2771,3,2,2,NULL,1,65,14,3,1,NULL,NULL,NULL,NULL,1,NULL,3,1,1,3,1,3,2,3,4
2073,2782,3,2,2,NULL,3,NULL,1,3,4,NULL,0.05,NULL,NULL,2,NULL,3,1,1,3,1,3,2,3,4
2075,2784,3,2,2,NULL,3,NULL,1,3,1,NULL,0.2,NULL,NULL,2,NULL,3,1,1,3,1,3,2,3,4
392,963,3,2,2,16800,3,420,12,3,1,102.0,NULL,13.0,330000,2,NULL,19,1,1,1,1,3,2,3,4
1242,2019,3,3,3,5045,3,870,23,3,3,NULL,NULL,2.1,10555,2,NULL,29,21,1,3,3,3,2,3,4
654,1742,3,12,12,720000,1,37385,2,3,4,2916.0,NULL,NULL,NULL,1,NULL,21,1,1,3,1,3,2,3,4
1366,2124,3,2,2,NULL,1,NULL,1,1,1,5000.0,NULL,NULL,NULL,1,NULL,21,44,1,3,3,3,2,3,4
155,871,3,2,2,103000,3,3400,12,3,1,217.0,NULL,2.7,280000,2,NULL,12,11,1,1,1,3,2,3,4
1668,2382,3,5,5,NULL,1,1241,2,3,8,75.0,NULL,NULL,265890,2,NULL,11,7,1,1,1,3,2,3,4
1176,1961,3,2,2,NULL,1,NULL,1,1,1,NULL,NULL,NULL,59000,2,NULL,28,3,1,1,1,3,2,3,4
666,1754,3,3,3,400000,1,7,3,3,1,NULL,NULL,NULL,200000,1,NULL,21,18,7,1,1,3,2,3,4
661,1749,3,3,3,500000,1,NULL,1,1,1,NULL,NULL,NULL,NULL,1,NULL,19,1,1,3,3,3,2,3,4
1266,2037,3,3,3,17300,3,NULL,1,1,1,NULL,NULL,17.9,309839,2,NULL,41,1,1,2,3,3,2,3,4
1309,2085,3,3,3,260400,3,NULL,1,1,1,1100.0,0.5,NULL,NULL,1,NULL,41,1,1,3,3,3,2,3,4
1308,2084,2,3,3,80000,3,NULL,1,1,1,NULL,0.5,15.0,1200000,2,NULL,41,1,1,3,3,3,2,3,4
1453,2171,3,2,2,NULL,3,NULL,1,1,1,NULL,NULL,NULL,12000000,2,NULL,50,33,41,2,2,3,2,3,4
508,1461,3,9,9,437000,1,1575,12,3,1,NULL,0.83,NULL,300000,2,NULL,19,1,1,1,1,3,2,3,4
724,1810,3,3,3,1000000,1,NULL,1,3,1,NULL,NULL,NULL,NULL,1,NULL,28,1,1,3,1,3,2,3,4
1368,2126,3,2,2,NULL,1,NULL,1,1,1,NULL,0.125,NULL,NULL,1,NULL,19,1,1,3,1,3,2,3,4
1577,2291,3,3,3,177893,3,856589,5,3,2,390.0,NULL,0.95,163684,2,NULL,18,16,1,1,1,3,2,3,4
1683,2397,3,3,5,NULL,1,111024,2,3,1,6900.0,NULL,NULL,75840,2,NULL,21,50,1,3,1,3,2,3,4
817,1903,3,3,3,6100000,3,NULL,1,3,3,NULL,NULL,1.0,6000000,2,NULL,21,1,1,1,1,3,2,3,4
728,1814,3,7,7,2830000,1,8102621,5,3,1,NULL,NULL,NULL,NULL,1,NULL,21,1,1,3,1,3,2,3,4
775,1861,3,5,5,NULL,1,73760,2,3,4,6321.0,NULL,NULL,2697850,2,NULL,25,17,1,3,3,3,2,3,4
1765,2483,3,3,3,400000,3,10000,12,3,2,NULL,NULL,15.0,6000000,2,NULL,33,1,1,3,2,3,2,3,4
754,1840,3,7,7,22150000,3,NULL,1,3,1,NULL,NULL,2.5,55300000,2,NULL,19,1,1,3,1,3,2,3,4
1848,2566,2,3,3,NULL,3,NULL,1,3,1,NULL,NULL,NULL,32000000,2,NULL,33,1,1,3,3,3,2,3,4
1851,2569,2,3,3,735000,3,NULL,1,3,1,NULL,NULL,0.68,500000,2,NULL,33,38,1,3,3,3,2,3,4
1855,2573,2,3,3,9000000,3,NULL,1,3,1,NULL,NULL,3.0,27000000,2,NULL,33,1,1,3,3,3,2,3,4
1856,2574,2,3,3,NULL,3,1560900,11,3,3,85580.0,NULL,NULL,110594238,2,NULL,33,1,1,3,3,3,2,3,4
1235,2015,3,3,3,35121,3,524187,5,3,2,NULL,NULL,1.5,131885,2,NULL,6,1,1,2,1,3,2,3,4
378,826,3,2,2,106000,3,5300,12,3,3,1000.0,0.28,3.0,338000,2,NULL,19,1,1,3,1,3,2,3,4
1827,2545,3,3,3,42000,3,700,12,3,2,NULL,NULL,1.25,60000,2,NULL,16,1,1,3,1,3,2,3,4
1883,2601,3,1,1,NULL,3,NULL,1,3,1,NULL,0.3,NULL,NULL,2,NULL,19,1,1,1,1,3,2,3,4
437,910,3,2,2,12000,3,NULL,1,1,1,NULL,NULL,NULL,NULL,1,NULL,17,1,1,1,1,3,2,3,4
513,1466,3,9,9,530000,3,4347,12,3,1,NULL,0.4,0.9,500000,2,NULL,21,1,1,1,1,3,2,3,4
1509,2223,3,5,5,NULL,1,673,2,3,1,34.0,NULL,NULL,73676,2,NULL,7,1,1,1,1,3,2,3,4
1543,2257,3,5,5,NULL,1,999,2,3,2,48.0,NULL,NULL,86924,2,NULL,18,1,1,1,1,3,2,3,4
1636,2350,3,5,5,NULL,1,650,2,3,1,33.0,NULL,NULL,68675,2,NULL,19,1,1,1,1,3,2,3,4
699,1785,3,3,3,94075,1,2470000,5,3,1,NULL,NULL,NULL,NULL,1,NULL,11,1,1,3,1,3,2,3,4
653,1741,3,4,4,300000,1,NULL,1,1,1,NULL,NULL,NULL,NULL,1,NULL,19,1,1,1,1,3,2,3,4
1527,2241,3,5,5,NULL,1,2522,2,3,1,177.0,NULL,NULL,524375,2,NULL,19,1,1,3,1,3,2,3,4
465,1331,3,1,1,NULL,1,8500,7,3,4,NULL,NULL,NULL,NULL,1,NULL,19,1,1,1,1,3,2,3,4
466,1332,3,1,1,NULL,1,2500,7,3,1,13.5,NULL,NULL,NULL,1,NULL,19,1,1,1,1,3,2,3,4
734,1820,3,7,7,3295000,1,NULL,1,3,2,NULL,NULL,NULL,383000,2,NULL,7,19,11,3,1,3,2,3,4
1676,2390,3,5,5,NULL,1,126776,2,3,1,8714.0,NULL,NULL,3523614,2,NULL,17,1,1,3,1,3,2,3,4
1677,2391,3,5,5,NULL,1,169084,2,3,1,10301.0,NULL,NULL,4510900,2,NULL,24,1,1,3,3,3,2,3,4
1679,2393,3,5,5,NULL,1,22741,2,3,1,1683.0,NULL,NULL,1200000,2,NULL,19,1,1,3,1,3,2,3,4
1433,2151,3,3,3,20141,3,NULL,1,1,1,NULL,0.44,5.9,119500,2,NULL,19,1,1,3,1,3,2,3,4
1434,2152,3,3,3,6383,3,NULL,1,1,1,NULL,0.18,7.6,48820,2,NULL,18,1,1,3,1,3,2,3,4
1436,2154,3,3,3,7526,3,NULL,1,1,1,NULL,0.34,7.0,136188,2,NULL,19,1,1,3,1,3,2,3,4
1437,2155,3,3,3,8059,3,NULL,1,1,1,NULL,0.46,11.0,88707,2,NULL,19,1,1,3,1,3,2,3,4
1546,2260,3,3,3,21505,3,312,12,3,2,NULL,0.38,0.83,18537,2,NULL,18,1,1,3,1,3,2,3,4
1547,2261,3,3,3,1435,3,26,12,3,2,NULL,0.23,2.4,3420,2,NULL,18,1,1,3,1,3,2,3,4
1549,2263,3,3,3,9133,3,217,12,3,2,NULL,0.38,0.5,4607,2,NULL,18,1,1,3,1,3,2,3,4
1983,2702,3,2,2,21025,3,300370,5,3,3,89.0,0.8,2.61,55000,2,NULL,19,1,1,1,1,3,2,3,4
150,864,3,3,3,16100,1,NULL,1,1,1,133.0,NULL,NULL,65000,2,NULL,21,1,1,3,1,3,2,3,4
743,1829,3,7,7,20000000,1,NULL,1,3,1,NULL,NULL,NULL,NULL,1,NULL,19,1,1,3,1,3,2,3,4
1370,2128,3,3,3,NULL,1,NULL,1,1,1,NULL,NULL,NULL,NULL,1,NULL,19,1,1,3,1,3,2,3,4
764,1850,3,4,4,80000,1,NULL,1,3,1,1450.0,NULL,NULL,NULL,1,NULL,30,1,1,3,1,3,2,3,4
549,1502,3,7,7,560000,3,NULL,1,1,1,NULL,NULL,NULL,NULL,1,NULL,12,1,1,1,1,3,2,3,4
863,1949,3,3,3,4400000,3,25000,11,3,3,NULL,NULL,3.6,15700000,2,NULL,19,1,1,2,1,3,2,3,4
527,1480,3,7,7,1022000,3,272000,23,3,3,NULL,0.3,0.0,NULL,1,NULL,21,1,1,1,1,3,2,3,4
2100,4757,2,2,1,NULL,1,NULL,1,1,1,NULL,0.89,NULL,NULL,1,NULL,24,1,1,3,1,3,2
1746,2464,3,3,3,106000,3,NULL,1,3,1,NULL,0.19,1.1,116000,2,NULL,11,1,1,1,1,3,2,3,4
1760,2478,3,3,3,400000,3,7900000,5,3,2,NULL,0.035,NULL,NULL,2,NULL,11,1,1,3,1,3,2,3,4
1456,2174,1,3,3,32906,3,548440,5,3,1,NULL,NULL,1.6,53810,2,NULL,7,1,1,3,1,3,2,3,4
518,1471,3,9,9,587000,3,612,14,3,1,NULL,0.2,3.5,2100000,2,NULL,12,1,1,3,1,3,2,3,4
1675,2389,3,5,5,NULL,1,9483,2,3,1,1144.0,NULL,NULL,511800,2,NULL,19,1,1,3,1,3,2,3,4
755,1841,3,7,7,12500000,3,NULL,1,3,1,NULL,NULL,0.4,4879000,2,NULL,17,1,1,3,1,3,2,3,4
528,1481,3,7,7,13498000,3,NULL,1,1,1,NULL,NULL,1.4,19100000,2,NULL,14,7,1,1,1,3,2,3,4
511,1464,3,1,1,NULL,1,NULL,1,1,1,NULL,0.2,NULL,NULL,1,NULL,11,8,7,1,1,3,2,3,4
1818,2536,3,3,3,1000000,3,NULL,1,3,1,NULL,NULL,9.5,9500000,2,NULL,33,1,1,3,3,3,2,3,4
867,1953,3,3,3,130000,3,NULL,1,3,1,NULL,NULL,10.0,1300000,2,NULL,33,1,1,3,3,3,2,3,4
1221,2005,3,3,3,19000,3,NULL,1,1,3,NULL,NULL,4.0,76000,2,NULL,12,1,1,3,1,3,2,3,4
1310,2086,3,3,3,85000,3,NULL,1,1,1,NULL,0.53,NULL,18500000,2,NULL,8,7,45,2,2,3,2,3,4
1955,2674,2,2,2,1165,3,NULL,1,1,1,NULL,0.7,NULL,36600,2,65,8,1,1,1,1,3,2,3,4
711,1797,3,3,1,8125,3,116070,5,3,2,NULL,NULL,5.0,40000,1,NULL,8,1,1,3,3,3,2,3,4
1427,2145,2,4,4,405000,3,7200,2,3,1,2500.0,0.4,4.0,1620000,2,NULL,8,1,1,3,3,3,2,3,4
1485,2199,3,6,6,12000,3,56,16,3,1,NULL,NULL,2.5,30000,2,NULL,8,38,1,3,1,3,2,3,4
1483,2197,3,6,6,20000,3,NULL,1,1,2,NULL,0.4,2.5,50000,2,NULL,14,8,1,3,1,3,2,3,4
1513,2227,3,5,5,NULL,1,496,2,3,1,30.0,NULL,NULL,45996,2,NULL,7,1,1,3,1,3,2,3,4
1267,2038,3,3,3,34972,3,566237,5,3,1,NULL,0.25,NULL,NULL,1,NULL,45,24,7,1,2,3,2,3,4
1256,2030,3,3,3,25111,3,518822,5,3,2,197.0,0.21,2.3,116305,2,NULL,14,1,1,2,3,3,2,3,4
1285,2061,2,3,3,10000000,3,68640,12,1,1,40500.0,0.4,5.7,56900000,2,NULL,8,1,1,1,1,3,2,3,4
795,1881,3,5,5,NULL,1,1053,2,3,1,62.0,NULL,NULL,449475,2,NULL,7,21,24,2,1,3,2,3,4
1524,2238,3,5,5,NULL,1,987,2,3,1,59.0,NULL,NULL,208914,2,NULL,24,22,1,3,1,3,2,3,4
1666,2380,3,5,5,NULL,1,1606,2,3,1,95.0,NULL,NULL,600900,2,NULL,24,7,18,3,1,3,2,3,4
338,1955,3,2,2,6373,1,82,12,3,2,NULL,0.4921,NULL,NULL,1,NULL,15,1,1,1,1,3,2,3,4
1542,2256,3,5,5,NULL,1,492,2,3,2,25.0,NULL,NULL,53000,2,NULL,18,1,1,1,1,3,2,3,4
1627,2341,3,5,5,NULL,1,1396,2,3,1,74.0,NULL,NULL,84687,2,NULL,18,1,1,1,1,3,2,3,4
799,1885,3,5,5,NULL,1,1572,2,3,1,81.0,NULL,NULL,153450,2,NULL,7,1,1,3,1,3,2,3,4
1665,2379,3,5,5,NULL,1,1305,2,3,1,78.0,NULL,NULL,80494,2,NULL,18,1,1,3,1,3,2,3,4
792,1878,3,5,5,NULL,1,350,2,3,1,17.0,NULL,NULL,58305,2,NULL,7,1,1,3,1,3,2,3,4
766,1852,3,5,5,NULL,1,2289,2,3,1,104.0,NULL,NULL,210081,2,NULL,7,18,1,1,1,3,2,3,4
1189,1974,2,2,2,NULL,1,10,12,3,1,NULL,NULL,NULL,132416,2,NULL,39,1,1,2,1,3,2,3,4
2081,4551,5,5,1,30000,3,NULL,1,1,1,133.0,NULL,8.0,240000,2,NULL,39,1,1,1,1,3,2
2082,4552,1,3,1,35000,3,NULL,1,1,1,122.0,NULL,7.0,245000,2,NULL,39,1,1,1,1,3,2
2083,4553,1,2,1,NULL,1,NULL,1,1,1,NULL,NULL,NULL,160000,2,NULL,39,1,1,1,1,3,2
2084,4554,1,3,1,29718,3,NULL,1,1,1,178.0,NULL,12.5,371475,2,NULL,1,1,1,1,1,3,2
2094,4564,1,3,1,14472,3,NULL,1,1,1,96.0,NULL,4.0,57888,2,NULL,39,1,1,1,1,3,2
2085,4555,1,2,1,NULL,3,NULL,1,1,1,NULL,NULL,NULL,23000000,2,NULL,39,1,1,1,1,3,2
1938,2656,3,3,3,504000,3,NULL,1,3,1,NULL,NULL,2.5,1200000,2,NULL,34,1,1,3,3,3,2,3,4
868,1954,3,1,1,NULL,1,NULL,1,1,1,NULL,NULL,NULL,NULL,1,NULL,33,44,1,2,2,3,2,3,4
1934,2652,3,3,3,50000,3,800,12,3,1,NULL,0.25,5.0,250000,2,NULL,44,33,1,3,3,3,2,3,4
1936,2654,3,3,3,120000,3,NULL,1,3,1,NULL,NULL,8.0,1000000,2,10000,44,33,1,3,3,3,2,3,4
1941,2659,3,3,3,2425000,3,NULL,1,3,3,14795.0,0.25,4.0,9700000,2,NULL,44,33,1,3,2,3,2,3,4
1944,2662,3,3,3,150000,3,NULL,1,3,1,NULL,NULL,6.0,910000,2,NULL,44,33,1,3,3,3,2,3,4
1946,2664,3,3,3,NULL,3,22694,12,3,2,13000.0,NULL,NULL,5000000,2,NULL,44,33,1,3,2,3,2,3,4
1947,2665,3,3,3,564398,3,NULL,1,3,1,NULL,0.2,7.0,4000000,2,NULL,44,33,1,3,4,3,2,3,4
1814,2532,3,3,3,75600,3,NULL,1,3,1,NULL,NULL,NULL,13000000,2,NULL,44,33,1,3,3,3,2,3,4
1295,2071,3,2,2,1167000,3,1850,12,3,2,1500.0,NULL,6.0,7000000,2,NULL,44,38,1,3,2,3,2,3,4
1939,2657,3,3,3,NULL,3,NULL,1,3,1,NULL,NULL,NULL,4500000,2,NULL,44,33,1,3,2,3,2,3,4
1538,2252,3,5,5,NULL,1,228956,2,3,1,16600.0,NULL,NULL,8049391,2,NULL,19,9,1,3,1,3,2,3,4
1624,2338,3,5,5,NULL,1,610569,2,3,1,386.0,NULL,NULL,587157,2,NULL,38,53,1,1,1,3,2,3,4
1539,2253,3,5,5,NULL,1,NULL,1,1,1,NULL,NULL,NULL,75350,2,NULL,44,30,1,3,3,3,2,3,4
1540,2254,3,5,5,NULL,1,NULL,1,1,1,NULL,NULL,NULL,18349,2,NULL,3,1,1,2,1,3,2,3,4
1670,2384,3,5,5,NULL,1,NULL,1,3,4,NULL,NULL,NULL,74700,2,NULL,56,1,1,1,1,3,2,3,4
765,1851,3,5,5,NULL,1,79854,2,3,4,4371.0,NULL,NULL,1752365,2,NULL,7,12,21,3,1,3,2,3,4
1674,2388,3,5,5,NULL,1,2698,2,3,1,163.0,NULL,NULL,365740,2,NULL,24,1,1,1,1,3,2,3,4
1661,2375,2,5,5,NULL,1,NULL,1,3,1,NULL,NULL,NULL,66500,2,NULL,38,1,1,1,1,3,2,3,4
1662,2376,2,5,5,NULL,1,NULL,1,3,1,NULL,NULL,NULL,137794,2,NULL,12,38,1,1,1,3,2,3,4
1782,2500,1,2,2,NULL,3,NULL,1,3,1,NULL,NULL,NULL,1500,2,NULL,7,1,1,3,1,3,2,3,4
1500,2214,3,5,5,NULL,1,NULL,1,1,1,NULL,NULL,NULL,37672,2,NULL,3,1,1,3,1,3,2,3,4
782,1868,3,5,5,NULL,1,561,2,3,1,33.0,NULL,NULL,70000,2,NULL,46,1,1,3,3,3,2,3,4
1497,2211,3,5,5,NULL,1,2273,2,3,1,136.0,NULL,NULL,330904,2,NULL,7,1,1,1,1,3,2,3,4
1657,2371,3,5,5,NULL,1,1783,2,3,1,107.0,NULL,NULL,342068,2,NULL,7,1,1,1,1,3,2,3,4
1494,2208,3,5,5,NULL,1,727,2,3,1,44.0,NULL,NULL,168000,2,NULL,7,1,1,1,1,3,2,3,4
1632,2346,3,5,5,NULL,1,222,2,3,1,13.0,NULL,NULL,54781,2,NULL,7,1,1,1,1,3,2,3,4
1635,2349,3,5,5,NULL,1,1040,2,3,1,62.0,NULL,NULL,361146,2,NULL,7,1,1,1,1,3,2,3,4
793,1879,3,5,5,NULL,1,99,2,3,1,7.0,NULL,NULL,33916,2,NULL,7,1,1,2,1,3,2,3,4
1499,2213,3,5,5,NULL,1,1985,2,3,4,138.0,NULL,NULL,1004750,2,NULL,7,9,1,3,1,3,2,3,4
1525,2239,3,5,5,NULL,1,444,2,3,1,26.0,NULL,NULL,84000,2,NULL,7,1,1,3,1,3,2,3,4
1526,2240,3,5,5,NULL,1,303,2,3,1,18.0,NULL,NULL,70860,2,NULL,7,1,1,3,1,3,2,3,4
1687,2401,3,5,5,NULL,1,215,2,3,3,13.0,NULL,NULL,48468,2,NULL,7,1,1,3,1,3,2,3,4
803,1889,3,5,5,NULL,1,227,2,3,1,13.0,NULL,NULL,58415,2,NULL,7,1,1,1,1,3,2,3,4
1533,2247,3,5,5,NULL,1,177,2,3,1,10.0,NULL,NULL,60000,2,NULL,7,1,1,1,1,3,2,3,4
1690,2404,3,5,5,NULL,1,740,2,3,3,44.0,NULL,NULL,227000,2,NULL,7,1,1,1,1,3,2,3,4
1691,2405,3,5,5,NULL,1,644,2,3,3,38.0,NULL,NULL,234351,2,NULL,7,1,1,1,1,3,2,3,4
801,1887,3,5,5,NULL,1,1072,2,3,1,64.0,NULL,NULL,145000,2,NULL,7,1,1,2,1,3,2,3,4
1514,2228,3,5,5,NULL,1,146,2,3,1,8.0,NULL,NULL,67585,2,NULL,7,1,1,3,1,3,2,3,4
1367,2125,3,2,2,NULL,1,5000,7,3,4,NULL,NULL,NULL,NULL,1,NULL,24,1,1,1,1,3,2,3,4
744,1830,3,7,7,569000,3,NULL,1,3,1,1370.0,NULL,0.5,300000,1,NULL,19,1,1,3,1,3,2,3,4
1289,2065,2,3,3,6000000,3,NULL,1,1,1,840000.0,NULL,NULL,NULL,2,NULL,49,1,1,1,1,3,2,3,4
1460,2178,1,3,3,7290,3,NULL,1,1,1,NULL,NULL,9.2,67100,2,NULL,7,3,1,3,1,3,2,3,4
639,1727,1,1,1,NULL,1,NULL,1,1,1,NULL,0.33,NULL,NULL,1,NULL,3,1,1,1,1,3,2,3,4
